{"type":"FeatureCollection","name":"nepal_districts_census_2011","crs":{"type":"name","properties":{"name":"urn:ogc:def:crs:OGC:1.3:CRS84"}},"features":[{"type":"Feature","properties":{"district":"Achham","district_key":"ACHHAM","zone":"Seti","region":"Far-Western","households":48318,"population":256188,"male_population":118775,"female_population":137413,"sex_ratio":86.4,"area_km2":1700.3,"pop_density":150.7,"literacy_rate":55.43,"female_literacy_rate":42.87,"male_literacy_rate":70.39,"electricity_lighting_pct":18.45,"flush_toilet_pct":33.06,"improved_water_pct":60.23,"school_attendance_pct":69.56,"mobile_phone_hh_pct":33.71,"internet_hh_pct":0.11,"lpg_cooking_pct":0.4,"wood_cooking_pct":98.28,"vdc_count":75},"geometry":{"type":"Polygon","coordinates":[[[81.17177581787115,29.38659286499029],[81.2024765014649,29.365219116210938],[81.2506942749024,29.350679397583065],[81.26982879638683,29.30183982849121],[81.29679870605486,29.310289382934684],[81.31096649169928,29.325078964233512],[81.33159637451178,29.31439018249523],[81.35607910156278,29.28406715393072],[81.3680038452149,29.284317016601676],[81.38378906250017,29.30270957946783],[81.39770507812517,29.285062789916992],[81.41858673095709,29.276859283447266],[81.44480895996111,29.287424087524357],[81.49650573730486,29.257101058960018],[81.50135040283209,29.238832473754883],[81.48830413818376,29.22541046142578],[81.48382568359386,29.20055580139166],[81.4917831420899,29.186513900756893],[81.48905181884766,29.172967910766715],[81.50085449218744,29.151716232299748],[81.52645874023455,29.152709960937614],[81.53701782226568,29.136804580688477],[81.5673446655274,29.126115798950195],[81.51166534423834,29.090698242187614],[81.47053527832026,29.07752418518072],[81.46854400634771,29.066961288452205],[81.44592285156244,29.05366516113287],[81.44145202636724,29.040243148803768],[81.41957855224638,29.021352767944393],[81.42082214355474,29.00420379638672],[81.41187286376959,28.9968719482423],[81.4269104003908,28.9802188873291],[81.42579650878912,28.966300964355526],[81.43511199951189,28.95685577392578],[81.44406127929705,28.960086822509822],[81.44629669189482,28.940574645996207],[81.4682922363283,28.928770065307617],[81.48793029785173,28.899068832397518],[81.510551452637,28.889871597290096],[81.55863952636747,28.797536849975586],[81.58200836181646,28.778896331787166],[81.5807647705081,28.755905151367244],[81.52173614501959,28.749443054199276],[81.53676605224626,28.761249542236328],[81.51725769042963,28.780385971069336],[81.52409362792997,28.80325317382824],[81.499984741211,28.821147918701172],[81.49227905273432,28.840908050537223],[81.46518707275385,28.852464675903377],[81.46593475341825,28.894346237182674],[81.44269561767578,28.900310516357422],[81.43362426757818,28.910501480102653],[81.41635131835966,28.91410446166998],[81.376205444336,28.89273071289074],[81.35420989990251,28.889747619628906],[81.30425262451189,28.92553901672369],[81.2852401733399,28.92156219482422],[81.2678451538086,28.902547836303768],[81.24745941162115,28.91510009765625],[81.23838806152372,28.905902862548885],[81.20520782470732,28.90826416015625],[81.17090606689453,28.92106437683117],[81.12094879150408,28.96344184875494],[81.1054153442384,28.965555191040096],[81.10715484619169,28.977857589721737],[81.12057495117205,28.97425460815441],[81.14592742919939,28.991403579711857],[81.15189361572271,29.00606727600109],[81.14642333984386,29.035272598266545],[81.12343597412126,29.064228057861385],[81.1302719116211,29.081253051757812],[81.11163330078125,29.08473205566412],[81.11075592041027,29.097906112671012],[81.05719757080107,29.149728775024414],[81.0591888427735,29.16128540039074],[81.05023956298834,29.16439247131359],[81.04725646972685,29.18440055847168],[81.031723022461,29.18626403808605],[81.02836608886747,29.195337295532227],[81.06602478027361,29.198318481445312],[81.11535644531278,29.227771759033146],[81.11125946044928,29.24305725097662],[81.09907531738287,29.248153686523438],[81.10168457031267,29.261325836181754],[81.12244415283197,29.299352645873967],[81.13735198974626,29.30482101440441],[81.14655303955084,29.352294921875],[81.15624237060564,29.362607955932674],[81.15499877929699,29.381746292114315],[81.17177581787115,29.38659286499029]]]}},{"type":"Feature","properties":{"district":"Arghakhanchi","district_key":"ARGHAKHANCHI","zone":"Lumbini","region":"West","households":46826,"population":196895,"male_population":85550,"female_population":111345,"sex_ratio":76.8,"area_km2":1239.5,"pop_density":158.8,"literacy_rate":72.47,"female_literacy_rate":65.79,"male_literacy_rate":81.59,"electricity_lighting_pct":59.42,"flush_toilet_pct":34.98,"improved_water_pct":80.38,"school_attendance_pct":76.56,"mobile_phone_hh_pct":70.97,"internet_hh_pct":0.46,"lpg_cooking_pct":5.55,"wood_cooking_pct":93.45,"vdc_count":42},"geometry":{"type":"Polygon","coordinates":[[[83.00444030761719,28.11378288269043],[83.04607391357428,28.100610733032283],[83.05017089843778,28.11055183410656],[83.07055664062511,28.10930824279785],[83.0751495361331,28.09066772460949],[83.10137176513689,28.09389877319336],[83.10435485839872,28.07699775695812],[83.12759399414091,28.08395767211914],[83.12622833251959,28.07065963745123],[83.152328491211,28.059598922729492],[83.18177795410185,28.085821151733455],[83.19495391845732,28.082714080810604],[83.23210906982433,28.04766845703125],[83.23546600341797,28.021074295044002],[83.25547790527361,27.98627853393549],[83.26491546630871,27.9887638092041],[83.28244018554693,27.967388153076286],[83.30282592773443,27.967761993408317],[83.30344390869152,27.953096389770508],[83.28057861328153,27.93296432495123],[83.28281402587896,27.92613029479986],[83.30990600585943,27.927745819091797],[83.30854034423834,27.914447784423885],[83.29946899414091,27.91022300720209],[83.31301116943388,27.901523590087947],[83.31089782714872,27.889469146728572],[83.33227539062528,27.87480545043951],[83.31947326660185,27.860015869140682],[83.30257415771501,27.859643936157227],[83.31214141845703,27.851316452026367],[83.29238128662121,27.828201293945426],[83.2501296997072,27.83168220520031],[83.23297882080095,27.823106765747184],[83.24975585937517,27.80819320678711],[83.24739837646513,27.789926528930778],[83.26032257080084,27.785203933715763],[83.24826812744146,27.751028060913086],[83.23957061767607,27.750158309936637],[83.22776031494169,27.763082504272518],[83.18774414062517,27.75388717651373],[83.12883758544939,27.76867485046398],[83.12361907959013,27.7615909576416],[83.10237121582037,27.76892280578619],[83.09541320800781,27.7828426361084],[83.09205627441412,27.77128410339361],[83.05452728271496,27.75649642944336],[83.01799011230486,27.809934616088867],[83.021713256836,27.820497512817383],[82.99897003173834,27.792907714843807],[82.96268463134783,27.79539299011242],[82.931869506836,27.784208297729492],[82.90079498291027,27.793529510498104],[82.80212402343756,27.793777465820312],[82.79615783691406,27.805831909179744],[82.789077758789,27.794399261474553],[82.75042724609375,27.82285881042492],[82.75775909423857,27.83516120910656],[82.80908203125028,27.85690879821783],[82.79392242431646,27.86486244201666],[82.81095123291021,27.867969512939567],[82.808090209961,27.879776000976562],[82.82623291015653,27.905500411987305],[82.85034179687517,27.901025772094727],[82.86935424804716,27.909477233886832],[82.878921508789,27.901025772094727],[82.89756774902372,27.913825988769588],[82.91968536376964,27.9046306610108],[82.94466400146496,27.930727005004826],[82.99040222167974,27.925260543823356],[83.00667572021513,27.931722640991325],[83.01562500000011,27.922029495239315],[83.01860809326178,27.956825256347656],[83.00158691406267,27.977579116821346],[82.99139404296886,27.97658538818365],[82.97560882568388,27.991746902465934],[82.95448303222673,27.99348640441889],[82.97548675537126,28.00616264343256],[82.97821807861334,28.019458770752067],[82.97238159179682,28.038225173950252],[82.96280670166044,28.040834426879883],[82.966537475586,28.052888870239315],[83.00394439697271,28.095764160156307],[83.00444030761719,28.11378288269043]]]}},{"type":"Feature","properties":{"district":"Baglung","district_key":"BAGLUNG","zone":"Dhaualagiri","region":null,"households":61482,"population":266630,"male_population":116395,"female_population":150235,"sex_ratio":77.5,"area_km2":1835.9,"pop_density":145.2,"literacy_rate":71.67,"female_literacy_rate":65.2,"male_literacy_rate":80.32,"electricity_lighting_pct":81.72,"flush_toilet_pct":55.25,"improved_water_pct":89.33,"school_attendance_pct":73.94,"mobile_phone_hh_pct":68.13,"internet_hh_pct":1.17,"lpg_cooking_pct":10.45,"wood_cooking_pct":88.54,"vdc_count":60},"geometry":{"type":"Polygon","coordinates":[[[83.10932922363276,28.63212776184082],[83.10348510742193,28.54116058349615],[83.12759399414091,28.52761459350586],[83.13219451904325,28.495552062988338],[83.190727233887,28.49741554260254],[83.22105407714872,28.51369476318365],[83.2758560180664,28.493438720703182],[83.28554534912138,28.475170135498047],[83.29846954345709,28.470075607299805],[83.3023223876956,28.45876693725586],[83.29238128662121,28.446712493896428],[83.27473449707048,28.44223785400385],[83.27660369873041,28.42981147766119],[83.28157043457031,28.433042526245117],[83.29884338378912,28.415891647338867],[83.28430938720709,28.39240455627447],[83.28865814209001,28.37960433959961],[83.28082275390642,28.36730194091797],[83.31413269042997,28.354501724243278],[83.33761596679716,28.370780944824276],[83.365951538086,28.370407104492244],[83.37974548339872,28.355247497558707],[83.41329956054699,28.357358932495117],[83.42635345459001,28.34095573425293],[83.44101715087885,28.34008598327648],[83.44548797607428,28.328651428222713],[83.48587799072283,28.320077896118164],[83.50004577636724,28.32417869567871],[83.53198242187528,28.31324195861822],[83.53720092773455,28.303176879882926],[83.56429290771484,28.316970825195312],[83.58728790283232,28.309513092041072],[83.6036911010745,28.298328399658146],[83.61164093017584,28.259431838989258],[83.67005157470732,28.230352401733455],[83.67378234863287,28.20524787902832],[83.64183807373075,28.175174713134766],[83.64594268798834,28.166847229003906],[83.63587951660162,28.15044403076172],[83.64134216308611,28.136650085449332],[83.6316528320313,28.122234344482536],[83.60679626464861,28.11042785644537],[83.59163665771496,28.08085060119629],[83.58268737792997,28.077371597290153],[83.56466674804705,28.092657089233455],[83.56703186035168,28.100610733032283],[83.54627227783232,28.12074279785162],[83.53421783447271,28.11639213562023],[83.5123443603515,28.126831054687557],[83.48773956298822,28.11316108703619],[83.47631072998047,28.119127273559684],[83.47568511962919,28.132175445556754],[83.42548370361334,28.125465393066406],[83.35750579834001,28.197294235229492],[83.3328933715822,28.188968658447322],[83.30903625488281,28.197668075561467],[83.27573394775396,28.187477111816406],[83.18637847900385,28.270616531372013],[83.16985321044922,28.257816314697322],[83.1575469970706,28.270616531372013],[83.13567352294939,28.25085639953619],[83.1263504028322,28.257568359375114],[83.11156463623058,28.25160217285162],[83.09553527832043,28.256822586059627],[83.09901428222685,28.276954650878963],[83.07142639160173,28.30180931091303],[83.06881713867193,28.31324195861822],[83.0053100585938,28.3330020904541],[82.98169708251982,28.359348297119254],[82.9567184448245,28.35996818542492],[82.94553375244158,28.398244857788143],[82.91806793212908,28.40259552001953],[82.91620635986334,28.434036254882756],[82.8880004882813,28.452676773071346],[82.88066864013689,28.473306655883846],[82.91409301757818,28.479270935058594],[82.87929534912104,28.515310287475643],[82.8965682983399,28.515310287475643],[82.91596221923845,28.52749061584484],[82.91558837890642,28.555452346801758],[82.9227905273437,28.56713294982916],[82.97573089599615,28.542154312133846],[82.98741912841825,28.57073783874506],[82.96430206298834,28.58179664611822],[82.95460510253935,28.598077774047965],[82.95845794677729,28.610380172729606],[82.98567962646496,28.630512237548885],[83.02109527587896,28.62156486511236],[83.04483032226591,28.62989234924322],[83.0594940185548,28.619949340820426],[83.09826660156244,28.634986877441463],[83.10932922363276,28.63212776184082]]]}},{"type":"Feature","properties":{"district":"Baitadi","district_key":"BAITADI","zone":"Mahakali","region":"Far-Western","households":45167,"population":250225,"male_population":116763,"female_population":133462,"sex_ratio":87.5,"area_km2":1492.7,"pop_density":167.6,"literacy_rate":62.86,"female_literacy_rate":49.21,"male_literacy_rate":78.89,"electricity_lighting_pct":24.87,"flush_toilet_pct":33.16,"improved_water_pct":73.5,"school_attendance_pct":72.39,"mobile_phone_hh_pct":37.92,"internet_hh_pct":0.14,"lpg_cooking_pct":0.88,"wood_cooking_pct":97.88,"vdc_count":63},"geometry":{"type":"Polygon","coordinates":[[[80.756332397461,29.707965850830135],[80.78242492675781,29.701751708984432],[80.7977142333985,29.68832969665533],[80.79386138916033,29.678014755249023],[80.78230285644543,29.678264617920036],[80.78044128417997,29.665464401245174],[80.7646560668947,29.66198348999029],[80.76366424560541,29.647443771362248],[80.79224395751982,29.64073371887207],[80.7826766967774,29.633525848388672],[80.7890167236331,29.614139556884822],[80.77832794189482,29.559955596923885],[80.77298736572294,29.55187797546381],[80.74999237060564,29.556724548339844],[80.74999237060564,29.53075027465826],[80.78230285644543,29.523294448852596],[80.7883911132813,29.507511138916072],[80.81871795654303,29.5157146453858],[80.82431030273466,29.500801086425895],[80.84717559814482,29.48899459838873],[80.85810852050798,29.46911048889166],[80.8771286010745,29.464139938354435],[80.88495635986357,29.442766189575252],[80.90981292724626,29.441398620605526],[80.87699890136736,29.412443161010856],[80.8541336059572,29.407968521118107],[80.86183929443371,29.396411895751953],[80.85438537597662,29.37814331054699],[80.83648681640653,29.381000518798828],[80.8169784545899,29.365343093872127],[80.78752136230469,29.366336822509822],[80.78018951416021,29.379384994506893],[80.76403808593778,29.385723114013672],[80.76937866210966,29.399642944335994],[80.7340850830081,29.404489517212028],[80.72029113769537,29.418655395507812],[80.70861053466797,29.414554595947266],[80.6837539672851,29.425119400024528],[80.67045593261736,29.418531417846793],[80.68027496337919,29.401382446289176],[80.65219116210943,29.382492065429744],[80.61751556396496,29.396535873413143],[80.584457397461,29.39616203308111],[80.57749938964872,29.4121932983399],[80.55202484130865,29.418159484863338],[80.54966735839838,29.398773193359318],[80.53636932373064,29.392559051513786],[80.50418090820318,29.398897171020565],[80.48155975341825,29.385723114013672],[80.45956420898443,29.396038055419922],[80.44290924072283,29.386096954345703],[80.43347167968778,29.39280700683605],[80.41719055175787,29.37354469299322],[80.41656494140642,29.356519699096793],[80.40277099609403,29.360496520996094],[80.38810729980463,29.355897903442326],[80.38748931884777,29.348937988281364],[80.37008666992193,29.350057601928825],[80.36747741699247,29.340488433838004],[80.37369537353521,29.338003158569393],[80.36387634277372,29.326694488525447],[80.35604858398466,29.3342742919923],[80.32708740234375,29.308425903320312],[80.29293060302729,29.330188751220817],[80.27290344238276,29.363727569580192],[80.28060913085943,29.378889083862248],[80.2769165039062,29.392215728759766],[80.2433471679687,29.411586761474723],[80.2448196411134,29.444505691528377],[80.27601623535173,29.44947624206543],[80.27096557617216,29.455093383789062],[80.2771301269533,29.458423614501953],[80.28222656250028,29.450967788696346],[80.30422210693376,29.453079223633097],[80.2884368896485,29.47722053527849],[80.30141448974615,29.49054718017578],[80.31516265869146,29.484769821166992],[80.31503295898466,29.497823715210018],[80.3513259887697,29.51894569396984],[80.35977172851568,29.53186988830572],[80.34341430664068,29.54161453247093],[80.34435272216803,29.552864074707145],[80.36571502685553,29.556615829467887],[80.36536407470732,29.564056396484432],[80.38051605224626,29.56131553649908],[80.3808135986331,29.571514129638672],[80.38999176025419,29.572034835815487],[80.41954803466825,29.614139556884822],[80.44365692138689,29.616500854492244],[80.45185852050798,29.625324249267578],[80.49858856201189,29.624702453613338],[80.50803375244152,29.644710540771598],[80.55935668945341,29.670682907104606],[80.57489013671892,29.687335968017635],[80.63454437255854,29.690567016601676],[80.65268707275408,29.68124580383312],[80.67604827880865,29.68721199035639],[80.69531250000006,29.706100463867188],[80.71035003662115,29.69926643371582],[80.756332397461,29.707965850830135]]]}},{"type":"Feature","properties":{"district":"Bajhang","district_key":"BAJHANG","zone":"Seti","region":"Far-Western","households":33773,"population":194701,"male_population":92345,"female_population":102356,"sex_ratio":90.2,"area_km2":3459.3,"pop_density":56.3,"literacy_rate":55.43,"female_literacy_rate":40.11,"male_literacy_rate":72.84,"electricity_lighting_pct":17.48,"flush_toilet_pct":18.12,"improved_water_pct":68.95,"school_attendance_pct":68.06,"mobile_phone_hh_pct":25.39,"internet_hh_pct":0.18,"lpg_cooking_pct":0.36,"wood_cooking_pct":98.33,"vdc_count":47},"geometry":{"type":"Polygon","coordinates":[[[81.1254272460938,30.021507263183707],[81.16341400146513,30.01082420349121],[81.1854476928711,30.011068344116268],[81.19721984863281,30.022718429565487],[81.20744323730474,30.021631240844727],[81.2208633422851,30.007465362548942],[81.23482513427751,30.00860595703125],[81.25516510009794,30.01926994323736],[81.24285125732439,30.03318405151373],[81.27581787109392,30.044515609741325],[81.35942840576178,30.0104465484622],[81.37831878662115,30.006471633911246],[81.40305328369158,30.022874832153434],[81.45673370361334,30.00199699401867],[81.47152709960955,29.97552680969244],[81.4696655273438,29.96247863769537],[81.45449829101591,29.95116806030279],[81.46344757080107,29.913265228271598],[81.4586029052735,29.900588989257756],[81.4710311889649,29.890771865844727],[81.49364471435564,29.8871688842774],[81.50731658935575,29.8943767547608],[81.536148071289,29.882942199707088],[81.56684112548857,29.851377487182617],[81.56025695800787,29.809869766235522],[81.54845428466803,29.79458427429205],[81.56237030029303,29.770599365234432],[81.54733276367193,29.749969482421875],[81.51216125488298,29.749347686767635],[81.51004791259783,29.738908767700366],[81.52620697021513,29.710575103759766],[81.51638793945318,29.700757980346737],[81.51676177978521,29.67863655090349],[81.42927551269543,29.64396476745617],[81.4198303222658,29.62395668029791],[81.42057037353516,29.597858428955078],[81.40019226074236,29.576856613159293],[81.40168762207031,29.55834007263195],[81.3732223510745,29.550014495849666],[81.33942413330084,29.50291442871088],[81.31705474853516,29.490859985351676],[81.3197860717774,29.483278274536246],[81.29319000244158,29.474330902099666],[81.31009674072294,29.45929336547863],[81.26386260986334,29.433816909790096],[81.25218200683611,29.421762466430664],[81.25354766845709,29.41331291198736],[81.22882080078136,29.411573410034237],[81.20384216308622,29.395666122436467],[81.18855285644537,29.397777557373047],[81.1722717285158,29.414804458618278],[81.1668090820313,29.396411895751953],[81.14704895019526,29.392185211181584],[81.1339950561524,29.404115676879996],[81.12107086181669,29.395790100097713],[81.09883117675798,29.40747261047369],[81.03296661376982,29.41269111633312],[81.02289581298828,29.421514511108455],[80.97219085693376,29.40013885498047],[80.94125366210938,29.397529602050838],[80.91353607177746,29.443759918212947],[80.88495635986357,29.442766189575252],[80.8771286010745,29.464139938354435],[80.85810852050798,29.46911048889166],[80.84717559814482,29.48899459838873],[80.82431030273466,29.500801086425895],[80.81871795654303,29.5157146453858],[80.7883911132813,29.507511138916072],[80.78230285644543,29.523294448852596],[80.74999237060564,29.53075027465826],[80.74999237060564,29.556724548339844],[80.77298736572294,29.55187797546381],[80.77832794189482,29.559955596923885],[80.7890167236331,29.614139556884822],[80.7826766967774,29.633525848388672],[80.79224395751982,29.64073371887207],[80.76366424560541,29.647443771362248],[80.7646560668947,29.66198348999029],[80.78044128417997,29.665464401245174],[80.78230285644543,29.678264617920036],[80.79386138916033,29.678014755249023],[80.7977142333985,29.68832969665533],[80.84183502197294,29.686714172363338],[80.90869140625,29.724742889404354],[80.94771575927763,29.735553741455078],[80.97691345214838,29.72188377380371],[80.98996734619146,29.74114608764654],[81.02215576171892,29.74835395812994],[81.03346252441412,29.742389678955078],[81.03992462158209,29.752704620361328],[81.05831909179716,29.757551193237305],[81.0716171264649,29.828386306762695],[81.04203796386724,29.840440750122298],[81.04253387451172,29.881700515747355],[81.0293579101562,29.90643119812023],[81.00475311279291,29.92333221435547],[81.0040054321289,29.93613243103033],[81.02326965332031,29.95862579345703],[81.0166854858399,29.9807453155517],[81.02761840820341,29.98758125305187],[81.03980255126982,30.015045166015796],[81.07310485839844,30.045492172241325],[81.09199523925787,30.05419158935547],[81.12059020996111,30.03329849243164],[81.1254272460938,30.021507263183707]]]}},{"type":"Feature","properties":{"district":"Bajura","district_key":"BAJURA","zone":"Seti","region":"Far-Western","households":24888,"population":134154,"male_population":65078,"female_population":69076,"sex_ratio":94.2,"area_km2":2300.1,"pop_density":58.3,"literacy_rate":55.41,"female_literacy_rate":43.31,"male_literacy_rate":68.46,"electricity_lighting_pct":22.77,"flush_toilet_pct":13.56,"improved_water_pct":68.72,"school_attendance_pct":73.11,"mobile_phone_hh_pct":25.41,"internet_hh_pct":0.21,"lpg_cooking_pct":0.02,"wood_cooking_pct":98.93,"vdc_count":27},"geometry":{"type":"Polygon","coordinates":[[[81.699691772461,29.94147491455078],[81.69931793212896,29.931533813476562],[81.71150207519537,29.926935195922965],[81.7178344726563,29.909412384033317],[81.78171539306646,29.911027908325252],[81.80134582519537,29.900588989257756],[81.79550933837919,29.895494461059513],[81.7960052490235,29.848892211914176],[81.782455444336,29.839447021484432],[81.78233337402355,29.80800628662115],[81.77549743652372,29.798187255859375],[81.7663040161134,29.801792144775447],[81.74156951904291,29.792470932006893],[81.72877502441435,29.734062194824332],[81.7158508300783,29.722257614135742],[81.69919586181669,29.680873870849666],[81.70118713378923,29.642101287841797],[81.71224212646501,29.626317977905273],[81.73871612548828,29.606557846069393],[81.77562713623053,29.605812072753963],[81.79153442382807,29.596616744995174],[81.80035400390642,29.576608657836914],[81.79476165771513,29.53124809265148],[81.779106140137,29.517330169677734],[81.80892944335955,29.466129302978572],[81.79116058349604,29.388954162597713],[81.77065277099615,29.392061233520565],[81.76219940185564,29.385723114013672],[81.75151824951189,29.366460800171012],[81.7500228881836,29.329551696777344],[81.73175811767584,29.335144042968807],[81.67036437988293,29.317001342773438],[81.64948272705095,29.32135009765625],[81.64550781250006,29.355525970459098],[81.62736511230486,29.368822097778434],[81.57802581787115,29.362857818603516],[81.568832397461,29.34782028198248],[81.56025695800787,29.357887268066463],[81.52571105957048,29.31513595581049],[81.50968170166033,29.31451416015625],[81.48569488525396,29.27959442138672],[81.46990966796886,29.27188873291027],[81.44480895996111,29.287424087524357],[81.41858673095709,29.276859283447266],[81.39770507812517,29.285062789916992],[81.38378906250017,29.30270957946783],[81.3680038452149,29.284317016601676],[81.35607910156278,29.28406715393072],[81.33159637451178,29.31439018249523],[81.31096649169928,29.325078964233512],[81.29679870605486,29.310289382934684],[81.26982879638683,29.30183982849121],[81.2506942749024,29.350679397583065],[81.2024765014649,29.365219116210938],[81.17177581787115,29.38659286499029],[81.19489288330107,29.401754379272575],[81.20384216308622,29.395666122436467],[81.22882080078136,29.411573410034237],[81.25354766845709,29.41331291198736],[81.25218200683611,29.421762466430664],[81.26386260986334,29.433816909790096],[81.30462646484392,29.451339721679744],[81.31009674072294,29.45929336547863],[81.29319000244158,29.474330902099666],[81.3197860717774,29.483278274536246],[81.31705474853516,29.490859985351676],[81.33942413330084,29.50291442871088],[81.3732223510745,29.550014495849666],[81.40168762207031,29.55834007263195],[81.40019226074236,29.576856613159293],[81.42057037353516,29.597858428955078],[81.4198303222658,29.62395668029791],[81.42927551269543,29.64396476745617],[81.51676177978521,29.67863655090332],[81.51638793945318,29.700757980346737],[81.52620697021513,29.710575103759766],[81.51004791259783,29.742761611938477],[81.5150222778322,29.753450393676758],[81.55416870117193,29.754320144653434],[81.56237030029303,29.770599365234432],[81.54845428466803,29.79458427429205],[81.56025695800787,29.80986976623535],[81.56684112548857,29.851377487182617],[81.54347991943365,29.877971649170036],[81.50731658935575,29.8943767547608],[81.5187530517581,29.904317855835075],[81.51377868652355,29.91612434387207],[81.51862335205095,29.92271041870123],[81.55118560791044,29.92320823669445],[81.58673095703142,29.936878204345817],[81.60437774658214,29.930166244506836],[81.61469268798857,29.94321632385254],[81.6283569335938,29.93836784362793],[81.64737701416033,29.948186874389762],[81.66700744628906,29.940357208251896],[81.68900299072271,29.949180603027457],[81.699691772461,29.94147491455078]]]}},{"type":"Feature","properties":{"district":"Banke","district_key":"BANKE","zone":"Bheri","region":"Mid-Western","households":94693,"population":485164,"male_population":239170,"female_population":245994,"sex_ratio":97.2,"area_km2":1880.1,"pop_density":258.1,"literacy_rate":61.9,"female_literacy_rate":54.75,"male_literacy_rate":69.31,"electricity_lighting_pct":68.75,"flush_toilet_pct":32.04,"improved_water_pct":96.04,"school_attendance_pct":59.8,"mobile_phone_hh_pct":60.26,"internet_hh_pct":1.63,"lpg_cooking_pct":20.56,"wood_cooking_pct":71.44,"vdc_count":47},"geometry":{"type":"Polygon","coordinates":[[[81.67546081542974,28.337474822998047],[81.78891754150408,28.29460144042963],[81.79513549804716,28.27384757995611],[81.80930328369158,28.282918930053654],[81.84546661376964,28.271858215332145],[81.86647033691435,28.249738693237248],[81.86273956298845,28.23855400085455],[81.88473510742193,28.243400573730526],[81.92338562011736,28.226747512817326],[81.928482055664,28.209348678588867],[81.96452331542997,28.194313049316406],[81.96713256835943,28.184370040893555],[81.97968292236334,28.18275451660162],[82.00006103515642,28.16349220275879],[82.01932525634783,28.135406494140625],[82.02218627929705,28.09973907470703],[82.17478942871094,28.046550750732365],[82.19604492187528,28.023559570312614],[82.18783569335966,27.994853973388786],[82.19405364990234,27.95297241210949],[82.13539886474638,27.962045669555664],[82.12135314941423,27.948623657226733],[82.0716400146485,27.952476501464844],[82.0644149780274,27.9215145111084],[81.97011566162126,27.92881584167486],[81.92711639404325,27.87531471252447],[81.92801666259771,27.85964584350586],[81.90402221679699,27.853683471679688],[81.88684844970714,27.857158660888615],[81.83541870117188,27.89741516113287],[81.80670928955084,27.903249740600643],[81.7040023803711,27.98652076721197],[81.6259155273438,28.001451492309684],[81.5075225830081,28.069812774658317],[81.5056991577149,28.075630187988395],[81.51601409912115,28.0742645263673],[81.52620697021513,28.085323333740234],[81.5124130249024,28.090791702270508],[81.50495910644537,28.104959487915096],[81.51278686523443,28.106946945190487],[81.50296783447266,28.117387771606502],[81.50048065185541,28.14398193359375],[81.52421569824224,28.157154083252067],[81.51998901367205,28.17877769470209],[81.53092956542974,28.18250656127941],[81.53005981445312,28.195058822631836],[81.56211853027361,28.206367492675838],[81.56398773193354,28.217800140380973],[81.57405090332043,28.217552185058537],[81.59169769287126,28.240293502807674],[81.59181976318388,28.23494911193842],[81.60797882080084,28.235694885253906],[81.61431884765653,28.248619079589957],[81.64861297607428,28.265893936157227],[81.6425247192384,28.279563903808594],[81.65520477294939,28.293731689453182],[81.66390228271513,28.287269592285213],[81.67856597900402,28.322189331054744],[81.68030548095732,28.313615798950252],[81.69322967529303,28.32740974426281],[81.68639373779308,28.325794219970646],[81.67546081542974,28.337474822998047]]]}},{"type":"Feature","properties":{"district":"Bara","district_key":"BARA","zone":"Narayani","region":"Central","households":108600,"population":685831,"male_population":349452,"female_population":336379,"sex_ratio":103.9,"area_km2":1272.2,"pop_density":539.1,"literacy_rate":51.81,"female_literacy_rate":40.66,"male_literacy_rate":62.54,"electricity_lighting_pct":68.3,"flush_toilet_pct":17.09,"improved_water_pct":96.31,"school_attendance_pct":55.01,"mobile_phone_hh_pct":61.53,"internet_hh_pct":0.47,"lpg_cooking_pct":4.71,"wood_cooking_pct":67.23,"vdc_count":99},"geometry":{"type":"Polygon","coordinates":[[[85.0622863769533,27.363046646118278],[85.0936050415039,27.356334686279297],[85.09708404541021,27.33222579956066],[85.12007904052751,27.316194534301758],[85.12865447998047,27.292583465576115],[85.14704132080084,27.28264045715332],[85.15822601318376,27.261886596679744],[85.19513702392584,27.244737625122127],[85.24521636962908,27.248340606689453],[85.26000976562528,27.228954315185604],[85.27317810058622,27.225599288940487],[85.26448059082048,27.22075271606451],[85.24857330322294,27.158739089965877],[85.23403167724615,27.14519309997553],[85.23341369628906,27.133884429931584],[85.19886779785173,27.105178833007756],[85.20420837402361,27.081939697265625],[85.19650268554716,27.077217102050838],[85.2027206420899,27.065410614013615],[85.1945190429688,27.064664840698356],[85.18569183349626,27.048881530761832],[85.19861602783232,27.05024909973156],[85.20309448242193,27.039810180664062],[85.17972564697294,27.037820816040096],[85.2003555297851,27.027507781982422],[85.18357849121094,27.015949249267635],[85.1891708374024,27.00724983215332],[85.16580963134794,26.979288101196403],[85.17450714111334,26.976554870605526],[85.17065429687517,26.954185485839844],[85.17761230468778,26.947723388671932],[85.16618347167997,26.938030242919922],[85.18146514892572,26.92535400390625],[85.1721496582033,26.919761657714957],[85.17711639404314,26.891923904419002],[85.166557312012,26.892173767089844],[85.16543579101591,26.88869285583496],[85.17861175537104,26.868934631347713],[85.10168457031261,26.870798110962028],[85.08888244628912,26.867069244384936],[85.08968353271513,26.853332519531307],[85.08001708984392,26.85851478576666],[85.06562042236334,26.84931564331049],[85.06526947021513,26.857997894287166],[85.0596771240235,26.848926544189396],[85.02444458007841,26.855432510375977],[85.03151702880888,26.875020980835018],[85.04431915283232,26.874902725219954],[85.06241607666044,26.88670539855957],[85.00611877441412,26.894783020019645],[84.9950561523438,26.902486801147518],[85.00438690185553,26.903129577636776],[85.00179290771479,26.911893844604606],[84.96982574462896,26.916032791137866],[84.98051452636724,26.940017700195312],[84.96808624267595,26.958038330078182],[84.89364624023432,26.969594955444563],[84.89079284667963,26.977176666259993],[84.86865997314447,26.98398780822754],[84.91353607177751,27.0179386138916],[84.91950225830084,27.03372001647955],[84.90110778808594,27.033224105834904],[84.90222167968778,27.04565048217779],[84.91974639892607,27.07224464416504],[84.93701934814459,27.06963539123541],[84.92646026611322,27.08355522155773],[84.94248962402344,27.09287452697754],[84.9438552856447,27.111143112182674],[84.95727539062506,27.126552581787166],[84.94683837890653,27.163711547851676],[84.96237182617205,27.19713973999029],[84.9750518798831,27.263626098632926],[84.95976257324224,27.30003929138195],[84.96995544433594,27.31283950805664],[84.97169494628923,27.3559627532959],[85.0013961791995,27.36515808105463],[85.00624084472673,27.35260772705078],[85.0236434936524,27.35186195373535],[85.02674865722685,27.358448028564453],[85.0622863769533,27.363046646118278]]]}},{"type":"Feature","properties":{"district":"Bardiya","district_key":"BARDIYA","zone":"Bheri","region":"Mid-Western","households":83147,"population":423611,"male_population":202320,"female_population":221291,"sex_ratio":91.4,"area_km2":2000.3,"pop_density":211.8,"literacy_rate":65.16,"female_literacy_rate":57.92,"male_literacy_rate":73.19,"electricity_lighting_pct":62.58,"flush_toilet_pct":19.8,"improved_water_pct":98.09,"school_attendance_pct":70.53,"mobile_phone_hh_pct":61.82,"internet_hh_pct":0.49,"lpg_cooking_pct":4.39,"wood_cooking_pct":87.64,"vdc_count":32},"geometry":{"type":"Polygon","coordinates":[[[81.29219818115229,28.674629211425838],[81.32289123535185,28.667547225952205],[81.31195831298834,28.651018142700252],[81.31804656982428,28.636726379394645],[81.40267944335955,28.60677719116211],[81.42666625976557,28.58701705932623],[81.42355346679699,28.581300735473746],[81.44070434570318,28.558807373046875],[81.46791839599626,28.5533390045166],[81.4778671264649,28.539669036865234],[81.50781250000006,28.52823638916027],[81.54061889648443,28.494558334350643],[81.55913543701178,28.494930267334098],[81.66017150878923,28.415271759033203],[81.67558288574219,28.417631149291992],[81.7184600830081,28.383953094482536],[81.768539428711,28.37003517150879],[81.74691772460938,28.31311798095703],[81.71945190429688,28.319580078125114],[81.7039184570313,28.334367752075195],[81.67546081542974,28.337474822998047],[81.69322967529303,28.32740974426281],[81.68030548095732,28.313615798950252],[81.67856597900402,28.322189331054744],[81.66390228271513,28.287269592285213],[81.65520477294939,28.293731689453182],[81.6425247192384,28.279563903808594],[81.64861297607428,28.265893936157227],[81.61431884765653,28.248619079589957],[81.60797882080084,28.235694885253906],[81.59181976318388,28.23494911193842],[81.59169769287126,28.240293502807674],[81.57405090332043,28.217552185058537],[81.56398773193354,28.217800140380973],[81.56211853027361,28.206367492675838],[81.53005981445312,28.195058822631836],[81.53092956542974,28.18250656127941],[81.51998901367205,28.17877769470209],[81.52421569824224,28.157154083252067],[81.50048065185541,28.14398193359375],[81.50296783447266,28.117387771606502],[81.51278686523443,28.106946945190657],[81.50495910644537,28.104959487915096],[81.5124130249024,28.090791702270508],[81.52620697021513,28.085323333740234],[81.51601409912115,28.0742645263673],[81.5056991577149,28.075630187988395],[81.5075225830081,28.069812774658317],[81.48022460937528,28.08251571655279],[81.48581695556658,28.118131637573185],[81.4517669677735,28.14075088500988],[81.44881439209001,28.160215377807674],[81.42827606201178,28.170576095580998],[81.37693786621111,28.17689323425293],[81.36873626709001,28.165861129760742],[81.38018798828125,28.155414581299112],[81.37311553955095,28.142215728759822],[81.3197860717774,28.13341903686546],[81.32014465332037,28.145103454589844],[81.32972717285185,28.148206710815714],[81.32189941406278,28.16013717651373],[81.31245422363298,28.155534744262752],[81.30384063720703,28.16692924499523],[81.32302093505865,28.168712615966854],[81.32241058349615,28.19716835021984],[81.23453521728527,28.28888511657715],[81.23628997802763,28.324560165405273],[81.21511840820341,28.358215332031307],[81.08153533935553,28.384838104248104],[81.06105041503923,28.40731811523449],[81.06726074218761,28.42235374450678],[81.08751678466825,28.43826103210455],[81.09310913085955,28.4576473236084],[81.1102600097658,28.46112823486328],[81.13971710205084,28.49082946777355],[81.16233062744158,28.50189018249506],[81.16916656494135,28.52313995361328],[81.25006866455095,28.59385299682623],[81.28946685791027,28.64915466308605],[81.29219818115229,28.674629211425838]]]}},{"type":"Feature","properties":{"district":"Bhaktapur","district_key":"BHAKTAPUR","zone":"Bagmati","region":"Central","households":68557,"population":298704,"male_population":149695,"female_population":149009,"sex_ratio":100.5,"area_km2":122.8,"pop_density":2432.3,"literacy_rate":81.34,"female_literacy_rate":72.57,"male_literacy_rate":90.16,"electricity_lighting_pct":97.78,"flush_toilet_pct":86.25,"improved_water_pct":88.71,"school_attendance_pct":73.58,"mobile_phone_hh_pct":86.92,"internet_hh_pct":13.08,"lpg_cooking_pct":69.23,"wood_cooking_pct":25.19,"vdc_count":18},"geometry":{"type":"Polygon","coordinates":[[[85.52285003662138,27.727912902832145],[85.52359008789074,27.694110870361328],[85.5053253173831,27.689016342163086],[85.49501037597685,27.651981353759766],[85.47872924804693,27.644153594970703],[85.46679687500028,27.625635147094783],[85.4562377929688,27.635578155517578],[85.42057037353521,27.619794845581055],[85.36315917968756,27.66105461120611],[85.36328125000017,27.668882369995174],[85.35433197021501,27.66776466369629],[85.35930633544928,27.68242835998535],[85.38713836669939,27.692371368408203],[85.42330169677763,27.7234401702882],[85.4414443969726,27.727788925170955],[85.47823333740263,27.71598243713379],[85.52285003662138,27.727912902832145]]]}},{"type":"Feature","properties":{"district":"Bhojpur","district_key":"BHOJPUR","zone":"Koshi","region":"East","households":39393,"population":181225,"male_population":84869,"female_population":96356,"sex_ratio":88.1,"area_km2":1523.8,"pop_density":118.9,"literacy_rate":69.12,"female_literacy_rate":61.37,"male_literacy_rate":78.08,"electricity_lighting_pct":14.84,"flush_toilet_pct":12.99,"improved_water_pct":71.03,"school_attendance_pct":73.81,"mobile_phone_hh_pct":54.38,"internet_hh_pct":0.45,"lpg_cooking_pct":1.25,"wood_cooking_pct":97.2,"vdc_count":63},"geometry":{"type":"Polygon","coordinates":[[[87.11305236816406,27.458612442016715],[87.1427536010745,27.44730377197277],[87.12672424316418,27.4274196624757],[87.13256072998047,27.40815734863287],[87.1275939941408,27.401943206787166],[87.19470214843767,27.35210990905773],[87.18699645996105,27.336202621460018],[87.19371032714872,27.326757431030387],[87.18476104736322,27.315200805664062],[87.20389556884766,27.301530838012695],[87.21222686767572,27.267976760864258],[87.19966888427751,27.264123916625977],[87.20675659179688,27.26002311706543],[87.20513916015653,27.245731353759822],[87.23993682861345,27.21702384948736],[87.24950408935553,27.19117546081543],[87.27497863769526,27.174274444580192],[87.27809143066406,27.157621383666992],[87.2710037231447,27.140098571777344],[87.24689483642607,27.12568283081049],[87.24764251708996,27.11785316467285],[87.2212982177735,27.107290267944336],[87.1856307983399,27.07411003112793],[87.181900024414,27.050001144409293],[87.20091247558605,27.007373809814567],[87.1627655029298,26.966737747192496],[87.16350555419928,26.94498825073248],[87.15083312988298,26.937408447265682],[87.1607742309572,26.929578781127987],[87.15853881835943,26.91528701782238],[87.15219879150408,26.9248561859132],[87.13790893554693,26.926969528198356],[87.09552764892595,26.916032791137695],[87.09590148925798,26.909694671630916],[87.06371307373053,26.91056632995617],[87.05303192138678,26.902114868164062],[87.04408264160162,26.906961441040096],[87.00306701660162,26.88620758056652],[86.98244476318376,26.89590072631836],[86.97995758056658,26.90621566772461],[86.97138214111345,26.900499343872127],[86.95223999023466,26.907707214355526],[86.967529296875,26.927467346191406],[86.97547912597685,26.95691871643072],[86.97486114501959,26.97369575500494],[86.95944976806652,26.98513031005865],[86.96740722656256,26.989727020263672],[86.96964263916033,27.0071258544923],[86.9471511840822,27.020050048828182],[86.96715545654314,27.057704925537166],[86.94889068603521,27.085418701171932],[86.92614746093767,27.091259002685604],[86.89718627929705,27.11462211608898],[86.91955566406256,27.128665924072322],[86.92514801025419,27.15575790405279],[86.91520690917997,27.16930389404297],[86.932113647461,27.202857971191406],[86.93074035644548,27.22286415100109],[86.89756011962908,27.249460220336914],[86.92005920410173,27.267976760864258],[86.95075225830095,27.2658634185791],[86.96802520751964,27.284255981445426],[86.96814727783203,27.295440673828182],[86.98778533935564,27.307992935180664],[86.95112609863281,27.335954666137752],[86.94925689697283,27.35148811340332],[86.93397521972673,27.357080459594783],[86.92626953125028,27.370378494262695],[86.93310546875006,27.384296417236442],[86.91284942626959,27.407287597656364],[86.90850067138678,27.433135986328182],[86.93559265136724,27.44295310974121],[86.94267272949247,27.458860397338924],[87.01177215576172,27.435869216919002],[87.0445785522461,27.44767570495617],[87.05936431884771,27.44071769714361],[87.07453155517578,27.45960617065441],[87.11305236816406,27.458612442016715]]]}},{"type":"Feature","properties":{"district":"Chitawan","district_key":"CHITAWAN","zone":"Narayani","region":"Central","households":132345,"population":569732,"male_population":270615,"female_population":299117,"sex_ratio":90.5,"area_km2":2239.9,"pop_density":254.4,"literacy_rate":76.61,"female_literacy_rate":70.52,"male_literacy_rate":83.44,"electricity_lighting_pct":85.93,"flush_toilet_pct":73.82,"improved_water_pct":92.19,"school_attendance_pct":71.82,"mobile_phone_hh_pct":79.82,"internet_hh_pct":7.2,"lpg_cooking_pct":39.7,"wood_cooking_pct":49.06,"vdc_count":38},"geometry":{"type":"Polygon","coordinates":[[[84.62472534179688,27.88014793395996],[84.6376495361331,27.86013984680187],[84.6613845825197,27.85044670104986],[84.66784667968767,27.82509613037115],[84.64299011230497,27.82211303710949],[84.62049865722685,27.80906486511236],[84.64771270751959,27.799867630004996],[84.63938903808622,27.794275283813533],[84.64025878906256,27.78271865844738],[84.67691802978527,27.77836799621582],[84.67070007324219,27.76569175720215],[84.68362426757841,27.757987976074276],[84.67207336425798,27.737855911254996],[84.67666625976568,27.730398178100586],[84.69493865966814,27.721202850341797],[84.75980377197283,27.73536872863781],[84.79870605468767,27.709024429321346],[84.7882690429688,27.691749572753906],[84.79435729980474,27.686655044555664],[84.77210998535185,27.667888641357536],[84.76937866210943,27.656332015991325],[84.74613952636724,27.64701080322277],[84.74800109863287,27.65546226501465],[84.73371124267584,27.655586242675895],[84.71954345703142,27.63818740844721],[84.7404174804688,27.603391647338867],[84.73308563232439,27.581768035888672],[84.71071624755888,27.560640335083065],[84.69269561767584,27.563747406006144],[84.68213653564453,27.551321029663086],[84.68288421630854,27.51304435729986],[84.6989135742187,27.47514152526867],[84.68822479248041,27.462341308593807],[84.69419097900408,27.459234237670955],[84.66996002197283,27.444444656372127],[84.666976928711,27.429283142089844],[84.6489562988283,27.429035186767805],[84.64510345459013,27.442581176757926],[84.63043975830072,27.45065879821783],[84.57799530029297,27.453765869140682],[84.56382751464872,27.462713241577433],[84.55052947998047,27.41772651672386],[84.53474426269548,27.414371490478572],[84.54904174804705,27.40442848205572],[84.53797912597673,27.403186798095817],[84.5418319702149,27.38566398620617],[84.5061645507813,27.380941390991154],[84.49000549316435,27.371248245239542],[84.48802185058594,27.358324050903434],[84.47810363769531,27.362287521362305],[84.47172546386747,27.354995727539347],[84.4433135986331,27.370016098022745],[84.39394378662126,27.368017196655273],[84.37493133544928,27.376466751098803],[84.33429718017584,27.377336502075252],[84.30272674560575,27.390262603759766],[84.29341125488276,27.3850421905517],[84.27873992919939,27.39523315429716],[84.28031921386724,27.415214538574276],[84.25624847412126,27.451900482177734],[84.23375701904314,27.456127166748104],[84.2217025756836,27.44021987915056],[84.21063995361328,27.442333221435547],[84.20791625976591,27.46941566467308],[84.15099334716797,27.485704421997184],[84.14801025390636,27.518636703491325],[84.12588500976574,27.510807037353516],[84.11071777343767,27.52151489257824],[84.09979248046903,27.51677322387718],[84.09754943847673,27.4894313812257],[84.07269287109403,27.481481552124023],[84.05418395996122,27.442581176757926],[84.03379821777372,27.441461563110465],[84.02941894531278,27.433629989624023],[83.99826049804693,27.445936203003043],[83.97961425781278,27.439115524291935],[83.96818542480497,27.446434020996094],[83.94805145263672,27.44096565246582],[83.93326568603544,27.449405670166016],[83.9466857910158,27.465572357177678],[83.94084167480474,27.491296768188647],[83.968559265137,27.505960464477482],[83.97141265869169,27.51590156555193],[83.95513153076178,27.52733612060547],[83.94394683837919,27.515529632568473],[83.9276733398438,27.514535903930778],[83.92095947265642,27.531436920166016],[83.9256820678711,27.543863296509073],[83.95053863525396,27.54001235961914],[83.97253417968761,27.550325393676815],[84.03330230712908,27.53702926635748],[84.0526885986331,27.55629158020031],[84.11681365966814,27.55306053161644],[84.13732147216803,27.584377288818473],[84.20803070068365,27.63818740844721],[84.25997924804716,27.65086364746105],[84.34746551513678,27.702562332153434],[84.38263702392607,27.681310653686637],[84.43259429931652,27.705295562744254],[84.42414093017584,27.741086959838867],[84.43917846679705,27.742576599121207],[84.45272827148455,27.75910568237316],[84.47360229492199,27.752395629882812],[84.46366119384771,27.772775650024528],[84.440673828125,27.77861595153803],[84.43209838867205,27.790422439575252],[84.43495941162126,27.81316566467291],[84.44788360595732,27.822982788085938],[84.51921081542997,27.815898895263786],[84.52468109130865,27.83230400085455],[84.55736541748075,27.83553504943859],[84.5609664916995,27.85777854919428],[84.57563018798834,27.861259460449162],[84.59166717529308,27.87940216064453],[84.6106796264649,27.871448516845817],[84.62472534179688,27.88014793395996]]]}},{"type":"Feature","properties":{"district":"Dadeldhura","district_key":"DADELDHURA","zone":"Mahakali","region":"Far-Western","households":27023,"population":141004,"male_population":65517,"female_population":75487,"sex_ratio":86.8,"area_km2":1502.2,"pop_density":93.9,"literacy_rate":65.01,"female_literacy_rate":52.91,"male_literacy_rate":79.3,"electricity_lighting_pct":47.98,"flush_toilet_pct":41.42,"improved_water_pct":73.62,"school_attendance_pct":73.86,"mobile_phone_hh_pct":48.13,"internet_hh_pct":0.64,"lpg_cooking_pct":2.65,"wood_cooking_pct":96.22,"vdc_count":21},"geometry":{"type":"Polygon","coordinates":[[[80.69369506835955,29.422012329101676],[80.70861053466797,29.414554595947266],[80.72029113769537,29.418655395507812],[80.7340850830081,29.404489517212028],[80.76937866210966,29.399642944335994],[80.76403808593778,29.385723114013672],[80.78018951416021,29.379384994506893],[80.78752136230469,29.366336822509822],[80.77174377441406,29.357389450073242],[80.76502990722673,29.363603591919002],[80.7589416503908,29.346328735351562],[80.76403808593778,29.326196670532227],[80.77807617187506,29.31550979614252],[80.77397918701172,29.30158996582037],[80.7589416503908,29.308673858642578],[80.7359466552735,29.298608779907283],[80.74552154541044,29.274747848510685],[80.75844573974615,29.267539978027287],[80.74092102050793,29.24529457092285],[80.70861053466797,29.231500625610465],[80.70525360107433,29.191980361938533],[80.68039703369146,29.19148445129389],[80.64784240722668,29.178186416625977],[80.62136840820341,29.18104553222662],[80.59738159179705,29.167375564575252],[80.59291076660168,29.147863388061637],[80.5683059692384,29.14450836181652],[80.57340240478521,29.129098892212028],[80.56781005859392,29.118659973144588],[80.52841186523443,29.105859756469727],[80.53313446044922,29.08958053588873],[80.56382751464861,29.07280349731451],[80.54631042480474,29.049314498901367],[80.54854583740251,29.038503646850643],[80.53587341308605,29.029680252075252],[80.53710937500017,29.01389694213873],[80.52070617675798,28.999233245849723],[80.47360992431658,28.99649810791027],[80.47982025146513,29.017997741699276],[80.47062683105474,29.018743515014762],[80.46105957031256,29.037509918212947],[80.42191314697283,29.02644920349121],[80.38909912109392,29.047077178955135],[80.356918334961,29.044467926025504],[80.34983062744158,29.054037094116325],[80.32659149169928,29.051303863525504],[80.31465911865263,29.05813789367687],[80.27414703369146,29.04583549499523],[80.25836944580107,29.05279541015625],[80.23040771484392,29.04521369934082],[80.18753051757818,29.087219238281307],[80.186019897461,29.137315750122013],[80.2113876342774,29.12176704406744],[80.23501586914062,29.11841583251953],[80.25574493408197,29.137899398803768],[80.27340698242193,29.14202308654791],[80.26000976562506,29.16571044921892],[80.2596206665039,29.18741607666027],[80.24241638183611,29.20331573486328],[80.25438690185575,29.221433639526424],[80.26251983642584,29.206615447998217],[80.29529571533209,29.197624206543196],[80.29241943359392,29.231872558593693],[80.30199432373053,29.242038726806754],[80.30596160888689,29.28531074523937],[80.31963348388666,29.30158996582037],[80.31864166259794,29.313396453857536],[80.33579254150402,29.312152862549055],[80.33492279052751,29.319112777710018],[80.35604858398466,29.3342742919923],[80.36387634277372,29.326694488525447],[80.37369537353521,29.338003158569393],[80.36747741699247,29.340488433838004],[80.37008666992193,29.350057601928825],[80.38748931884777,29.348937988281364],[80.38810729980463,29.355897903442326],[80.40277099609403,29.360496520996094],[80.41656494140642,29.356519699096793],[80.41719055175787,29.37354469299322],[80.43347167968778,29.39280700683605],[80.44290924072283,29.386096954345703],[80.45956420898443,29.396038055419922],[80.48155975341825,29.385723114013672],[80.50418090820318,29.398897171020565],[80.53636932373064,29.392559051513786],[80.54966735839838,29.398773193359318],[80.55202484130865,29.418159484863338],[80.57749938964872,29.4121932983399],[80.584457397461,29.39616203308111],[80.61751556396496,29.396535873413143],[80.65219116210943,29.382492065429744],[80.68027496337919,29.401382446289176],[80.67045593261736,29.418531417846793],[80.69369506835955,29.422012329101676]]]}},{"type":"Feature","properties":{"district":"Dailekh","district_key":"DAILEKH","zone":"Bheri","region":"Mid-Western","households":48915,"population":260855,"male_population":126101,"female_population":134754,"sex_ratio":93.6,"area_km2":1474.0,"pop_density":177.0,"literacy_rate":62.32,"female_literacy_rate":52.85,"male_literacy_rate":72.62,"electricity_lighting_pct":13.57,"flush_toilet_pct":34.1,"improved_water_pct":53.88,"school_attendance_pct":72.48,"mobile_phone_hh_pct":37.78,"internet_hh_pct":0.23,"lpg_cooking_pct":1.53,"wood_cooking_pct":97.15,"vdc_count":56},"geometry":{"type":"Polygon","coordinates":[[[81.56535339355486,29.09169197082531],[81.56547546386747,29.05354118347168],[81.60064697265642,29.04533767700201],[81.61543273925793,29.03315925598156],[81.6324615478515,29.04658126831049],[81.65283966064482,29.03999519348156],[81.69235992431635,29.0496883392334],[81.71771240234403,29.019987106323242],[81.73150634765642,29.021726608276424],[81.7535018920899,29.010168075561637],[81.7738876342774,29.019241333007812],[81.79687,29.01352500915533],[81.79624938964855,29.004451751708984],[81.82086181640636,28.984567642211914],[81.84347534179705,28.981212615966797],[81.85006713867216,28.972265243530273],[81.8760375976562,28.971643447876033],[81.89057922363298,28.98431968688965],[81.9118270874024,28.98668098449707],[81.92152404785162,28.97760963439947],[81.92636871337919,28.92479324340826],[81.89579772949224,28.900684356689453],[81.88013458251959,28.84886169433605],[81.89057922363298,28.812574386596793],[81.91406250000006,28.77989006042486],[81.88560485839861,28.761745452880916],[81.88200378417986,28.74695777893072],[81.82620239257824,28.732542037963867],[81.80905151367216,28.694265365600643],[81.81228637695341,28.679601669311637],[81.78419494628912,28.651763916015682],[81.78369903564482,28.634862899780273],[81.71646881103521,28.655366897583008],[81.6770782470706,28.67897987365717],[81.64103698730497,28.67637062072754],[81.63233947753906,28.691530227661246],[81.61804199218756,28.689790725708065],[81.60300445556646,28.707065582275334],[81.58734893798834,28.70743751525879],[81.56485748291021,28.723220825195312],[81.54820251464861,28.748945236206055],[81.5807647705081,28.755905151367244],[81.58200836181646,28.778896331787166],[81.55863952636747,28.797536849975586],[81.510551452637,28.889871597290096],[81.48793029785173,28.899068832397518],[81.4682922363283,28.928770065307617],[81.44629669189482,28.940574645996207],[81.44406127929705,28.960086822509822],[81.43511199951189,28.95685577392578],[81.42579650878912,28.966300964355526],[81.4269104003908,28.9802188873291],[81.41187286376959,28.9968719482423],[81.42082214355474,29.00420379638672],[81.41672515869169,29.014766693115234],[81.44592285156244,29.05366516113287],[81.46854400634771,29.066961288452205],[81.47053527832026,29.07752418518072],[81.54124450683605,29.10884284973156],[81.56535339355486,29.09169197082531]]]}},{"type":"Feature","properties":{"district":"Dang","district_key":"DANG","zone":"Rapti","region":"Mid-Western","households":116347,"population":548141,"male_population":257091,"female_population":291050,"sex_ratio":88.3,"area_km2":3002.4,"pop_density":182.6,"literacy_rate":70.1,"female_literacy_rate":62.73,"male_literacy_rate":78.6,"electricity_lighting_pct":64.62,"flush_toilet_pct":45.47,"improved_water_pct":68.01,"school_attendance_pct":71.02,"mobile_phone_hh_pct":70.76,"internet_hh_pct":0.98,"lpg_cooking_pct":14.06,"wood_cooking_pct":76.35,"vdc_count":41},"geometry":{"type":"Polygon","coordinates":[[[82.10258483886747,28.258810043335018],[82.13514709472662,28.251106262207145],[82.14558410644548,28.237062454223633],[82.1719360351563,28.25147819519043],[82.20051574707048,28.242778778076286],[82.22102355957043,28.24899291992199],[82.24587249755854,28.237808227539062],[82.27731323242216,28.248371124267578],[82.30254364013689,28.245761871337947],[82.3143463134765,28.223268508911246],[82.33920288085938,28.223516464233455],[82.3793487548831,28.18461799621582],[82.39488220214861,28.188968658447322],[82.39873504638678,28.168712615966854],[82.42023468017595,28.156532287597656],[82.47143554687506,28.14025306701666],[82.48112487792974,28.144229888916016],[82.48646545410162,28.13043594360363],[82.50920867919928,28.14994621276867],[82.52922058105474,28.135282516479606],[82.56190490722685,28.134784698486385],[82.56911468505871,28.115274429321346],[82.59694671630865,28.10135650634777],[82.59906005859386,28.093029022216854],[82.61248016357422,28.09141349792492],[82.62714385986322,28.069789886474723],[82.72060394287104,28.046924591064567],[82.69922637939482,28.02940177917492],[82.6977310180664,28.01511001586914],[82.74246978759771,27.990503311157283],[82.74843597412138,27.974472045898494],[82.76459503173834,27.976709365844727],[82.76807403564482,27.962665557861328],[82.75353240966803,27.94327926635748],[82.76633453369152,27.941165924072322],[82.77764129638666,27.92575645446783],[82.77130126953153,27.921283721923828],[82.7761535644533,27.89369392395031],[82.79280090332037,27.89096069335949],[82.79305267334013,27.880769729614258],[82.8119430541995,27.871200561523438],[82.79392242431646,27.86486244201666],[82.80908203125028,27.85690879821783],[82.75775909423857,27.83516120910656],[82.75042724609375,27.82285881042492],[82.789077758789,27.794399261474553],[82.79019165039091,27.804466247558594],[82.80088043212919,27.801731109619368],[82.80771636962902,27.79191398620634],[82.80423736572271,27.77563476562517],[82.78546905517578,27.76917266845703],[82.78385925292974,27.777250289917106],[82.73712921142584,27.77588272094738],[82.72495269775419,27.75835990905773],[82.69810485839838,27.75649642944336],[82.70817565917997,27.735494613647575],[82.70703887939482,27.716363906860522],[82.70121765136719,27.721824645996037],[82.66840362548845,27.715486526489315],[82.66616821289068,27.721948623657454],[82.62081146240263,27.702064514160384],[82.6070175170899,27.705793380737305],[82.59559631347662,27.696735382080192],[82.54313659667974,27.685535430908203],[82.51811218261719,27.690242767334098],[82.47515869140642,27.67634201049799],[82.45071411132807,27.678615570068473],[82.40368652343756,27.70254516601574],[82.36901855468756,27.742414474487305],[82.3057937622072,27.7724285125733],[82.21020507812494,27.842990875244254],[82.15591430664068,27.866115570068303],[82.1519393920899,27.857805252075252],[82.12522125244146,27.864839553833065],[82.06691741943388,27.925632476806584],[82.06928253173845,27.950611114501896],[82.09687042236357,27.955209732055664],[82.12135314941423,27.948623657226562],[82.13539886474638,27.962045669555664],[82.19405364990234,27.95297241210949],[82.18783569335949,27.994853973388786],[82.19467163085943,28.027910232544002],[82.17478942871094,28.046550750732365],[82.02218627929705,28.09973907470703],[82.01932525634783,28.135406494140625],[82.00938415527361,28.150939941406364],[82.02007293701189,28.181636810302734],[82.03100585937506,28.187601089477653],[82.02491760253912,28.201147079467773],[82.05287933349626,28.239671707153434],[82.07040405273438,28.236938476562557],[82.10258483886747,28.258810043335018]]]}},{"type":"Feature","properties":{"district":"Darchula","district_key":"DARCHULA","zone":"Mahakali","region":"Far-Western","households":24604,"population":132484,"male_population":62864,"female_population":69620,"sex_ratio":90.3,"area_km2":2340.2,"pop_density":56.6,"literacy_rate":65.15,"female_literacy_rate":52.86,"male_literacy_rate":79.02,"electricity_lighting_pct":26.95,"flush_toilet_pct":38.22,"improved_water_pct":83.25,"school_attendance_pct":73.61,"mobile_phone_hh_pct":38.82,"internet_hh_pct":0.31,"lpg_cooking_pct":3.33,"wood_cooking_pct":93.03,"vdc_count":41},"geometry":{"type":"Polygon","coordinates":[[[81.02457427978544,30.23483848571783],[81.03071594238298,30.219816207885856],[81.04709625244135,30.208871841430607],[81.03532409667986,30.197107315063477],[81.04431915283209,30.19351577758789],[81.04560852050798,30.180442810058594],[81.08478546142584,30.148391723632812],[81.08292388916044,30.100545883178768],[81.10006713867199,30.1000270843507],[81.11051177978521,30.08613014221197],[81.09199523925787,30.05419158935547],[81.03980255126982,30.015045166015796],[81.02761840820341,29.98758125305187],[81.0166854858399,29.9807453155517],[81.02326965332031,29.95862579345703],[81.00239562988287,29.92780494689947],[81.0293579101562,29.90643119812023],[81.04253387451172,29.881700515747184],[81.04203796386724,29.840440750122127],[81.0716171264649,29.828386306762695],[81.05831909179716,29.757551193237305],[81.03992462158209,29.752704620361328],[81.03346252441412,29.742389678955078],[81.02215576171892,29.74835395812994],[80.98996734619146,29.74114608764654],[80.97691345214838,29.72188377380371],[80.94771575927763,29.735553741455078],[80.90869140625,29.724742889404354],[80.84183502197294,29.686714172363338],[80.83101654052734,29.691436767578182],[80.81336975097662,29.684104919433537],[80.756332397461,29.707965850830135],[80.71035003662115,29.69926643371582],[80.69531250000006,29.706100463867188],[80.67604827880865,29.68721199035639],[80.65268707275408,29.68124580383312],[80.63454437255854,29.690567016601676],[80.57489013671892,29.687335968017635],[80.55935668945341,29.670682907104606],[80.50803375244152,29.644710540771598],[80.49858856201189,29.624702453613338],[80.45185852050798,29.625324249267578],[80.41061401367182,29.604915618896484],[80.41021728515653,29.621473312378043],[80.42281341552763,29.630214691162223],[80.41819000244152,29.65116691589361],[80.38601684570307,29.675014495849723],[80.36585998535156,29.740152359008846],[80.36972045898443,29.750616073608512],[80.38748931884777,29.750467300415096],[80.38687133789068,29.758531570434684],[80.39929199218756,29.759290695190487],[80.40863800048834,29.79444503784174],[80.43771362304688,29.8057155609132],[80.49411773681669,29.795314788818416],[80.50902557373075,29.82304191589361],[80.52344512939459,29.82701873779297],[80.54062652587896,29.847146987915096],[80.55451202392584,29.84923744201666],[80.57431793212908,29.894426345825423],[80.5728149414063,29.915115356445312],[80.59215545654325,29.948444366455305],[80.63151550292986,29.96521568298357],[80.65032196044933,29.955890655517635],[80.6779174804688,29.958114624023494],[80.72129058837919,30.000377655029354],[80.7493972778322,30.00662994384777],[80.76293182373064,30.049491882324276],[80.78143310546892,30.056926727294922],[80.8172149658206,30.096315383911246],[80.83921813964861,30.0977153778079],[80.8470535278322,30.10228538513212],[80.84671020507818,30.11606216430664],[80.87921905517607,30.128515243530273],[80.87311553955107,30.16091537475586],[80.86457061767572,30.168895721435547],[80.9229812622072,30.23165512084961],[80.9779129028322,30.23799324035673],[80.99046325683594,30.246816635131893],[81.02457427978544,30.23483848571783]]]}},{"type":"Feature","properties":{"district":"Dhading","district_key":"DHADING","zone":"Bagmati","region":"Central","households":73842,"population":334292,"male_population":156100,"female_population":178192,"sex_ratio":87.6,"area_km2":1885.2,"pop_density":177.3,"literacy_rate":62.66,"female_literacy_rate":55.69,"male_literacy_rate":70.75,"electricity_lighting_pct":62.64,"flush_toilet_pct":46.47,"improved_water_pct":85.95,"school_attendance_pct":71.36,"mobile_phone_hh_pct":63.51,"internet_hh_pct":0.71,"lpg_cooking_pct":10.18,"wood_cooking_pct":84.46,"vdc_count":50},"geometry":{"type":"Polygon","coordinates":[[[85.1103820800783,28.34679603576666],[85.16233062744146,28.277824401855412],[85.17500305175781,28.270616531372013],[85.18482208251959,28.277700424194393],[85.20333862304693,28.255578994750977],[85.18979644775396,28.22314453125],[85.20657348632818,28.203882217407227],[85.20234680175787,28.176540374755916],[85.15946960449224,28.14360809326172],[85.16046905517607,28.129442214965934],[85.14891052246111,28.114776611328125],[85.1262893676759,28.105331420898494],[85.11709594726568,28.076625823974666],[85.0645294189456,28.06668281555187],[85.03495025634794,28.03176307678234],[84.99157714843756,28.028532028198242],[85.00649261474615,27.999574661254996],[85.0318450927735,27.99547386169445],[85.03395843505865,27.98838996887207],[85.03084564209001,27.971488952636832],[85.0109634399414,27.952600479126033],[85.01854705810575,27.94365310668951],[84.99108123779325,27.885118484497184],[84.9970474243164,27.8749294281007],[84.99120330810553,27.858276367187557],[85.00860595703136,27.850322723388672],[85.01630401611328,27.832178115844727],[85.02513122558594,27.832799911499023],[85.01481628417986,27.80918884277338],[85.04376983642578,27.8170166015625],[85.05495452880871,27.796884536743164],[85.1172180175783,27.774267196655273],[85.12678527832048,27.760473251342887],[85.18084716796886,27.77190589904785],[85.25491333007812,27.77538490295416],[85.27243804931669,27.758111953735295],[85.2692031860351,27.745311737060604],[85.25317382812528,27.74866676330572],[85.21588897705084,27.736860275268555],[85.22384643554705,27.727912902832145],[85.1996078491211,27.716232299804744],[85.19091033935553,27.681186676025447],[85.15201568603521,27.669380187988224],[85.12255859375017,27.683298110962028],[85.11361694335955,27.69970321655279],[85.09074401855469,27.712005615234432],[85.04489135742216,27.69001007080078],[85.04078674316412,27.705543518066463],[85.03295898437506,27.69746589660639],[85.01307678222673,27.70753288269043],[84.99306488037126,27.707656860351676],[84.95367431640636,27.68317413330078],[84.91055297851568,27.698335647583065],[84.88085174560575,27.668758392333984],[84.83151245117205,27.692247390747127],[84.80230712890625,27.671243667602596],[84.7882690429688,27.691749572753906],[84.79870605468767,27.709024429321346],[84.75980377197283,27.73536872863781],[84.69493865966814,27.721202850341797],[84.67666625976568,27.730398178100586],[84.67207336425798,27.737855911254996],[84.68362426757841,27.757987976074276],[84.67070007324219,27.76569175720215],[84.67691802978527,27.77836799621582],[84.64025878906256,27.78271865844738],[84.63938903808622,27.794275283813533],[84.64771270751959,27.799867630004996],[84.62049865722685,27.80906486511236],[84.62384796142584,27.8151531219483],[84.66784667968767,27.82509613037115],[84.68723297119169,27.810058593750057],[84.73408508300787,27.79539299011242],[84.76477813720703,27.818012237548942],[84.77521514892578,27.80844306945812],[84.78453826904325,27.813661575317383],[84.76651763916021,27.859767913818473],[84.74912261962908,27.878408432006836],[84.75148010253912,27.885864257812443],[84.73793792724615,27.893198013305664],[84.73420715332031,27.925260543823356],[84.74812316894526,27.960056304931697],[84.77185821533209,27.967388153076286],[84.79299163818376,27.99795913696289],[84.81349182128918,28.002681732177678],[84.81137847900396,28.0351181030274],[84.84455871582037,28.114900588989315],[84.85686492919939,28.122482299804744],[84.87152862548822,28.1202449798584],[84.89464569091814,28.09973907470703],[84.90259552001982,28.106451034546012],[84.92037200927734,28.103219985961914],[84.9310531616211,28.12608528137207],[84.95914459228521,28.12658309936529],[84.95951843261719,28.155290603637695],[84.97604370117182,28.190086364746037],[84.9642333984375,28.212579727172965],[84.99381256103533,28.24451828002941],[85.00090026855486,28.241039276123104],[85.00424957275419,28.253341674804744],[85.02985382080078,28.26166915893566],[85.0401687622072,28.290002822876033],[85.03507232666021,28.30305099487316],[85.04874420166033,28.325670242309627],[85.08329010009783,28.345678329467717],[85.1103820800783,28.34679603576666]]]}},{"type":"Feature","properties":{"district":"Dhankuta","district_key":"DHANKUTA","zone":"Koshi","region":"East","households":37616,"population":161398,"male_population":74647,"female_population":86751,"sex_ratio":86.0,"area_km2":899.1,"pop_density":179.5,"literacy_rate":74.03,"female_literacy_rate":67.36,"male_literacy_rate":81.92,"electricity_lighting_pct":83.98,"flush_toilet_pct":31.24,"improved_water_pct":83.54,"school_attendance_pct":73.71,"mobile_phone_hh_pct":75.82,"internet_hh_pct":1.33,"lpg_cooking_pct":12.2,"wood_cooking_pct":86.27,"vdc_count":36},"geometry":{"type":"Polygon","coordinates":[[[87.35948944091797,27.190553665161133],[87.37825012207037,27.179616928100643],[87.37676239013678,27.166942596435547],[87.40932464599615,27.135997772216797],[87.39727020263689,27.12307357788086],[87.39453125000028,27.102195739746094],[87.40895080566412,27.06553459167486],[87.42920684814459,27.046024322509766],[87.4330596923831,27.0139617919923],[87.44349670410162,27.006256103515625],[87.44126129150419,26.970838546753043],[87.46611785888689,26.967731475830192],[87.4950714111331,26.985004425048885],[87.52713012695307,26.960149765014762],[87.52489471435564,26.92535400390625],[87.53433990478544,26.90161705017084],[87.52489471435564,26.884344100952205],[87.56217956542997,26.884592056274414],[87.58267974853533,26.860980987548828],[87.57820892334013,26.85700416564947],[87.56105804443388,26.86309242248541],[87.5117263793947,26.857252120971737],[87.50476074218761,26.87315940856945],[87.45542907714844,26.857873916625977],[87.42311859130871,26.86992835998535],[87.39440917968767,26.86545372009283],[87.37203979492216,26.84569358825695],[87.32630920410173,26.85389709472662],[87.29896545410185,26.874525070190543],[87.25845336914068,26.86570167541504],[87.236083984375,26.87837791442871],[87.22042846679682,26.863216400146598],[87.16723632812517,26.877632141113224],[87.1707153320313,26.899131774902457],[87.1592864990235,26.91255378723156],[87.1607742309572,26.929578781127987],[87.15083312988298,26.937408447265682],[87.16350555419928,26.94498825073248],[87.1627655029298,26.966737747192496],[87.19892883300798,26.998426437377987],[87.19681549072283,27.02203941345215],[87.181900024414,27.050001144409293],[87.1856307983399,27.07411003112793],[87.27461242675781,27.14469718933111],[87.27809143066406,27.157621383666992],[87.26764678955084,27.18222808837902],[87.28778076171892,27.189931869506893],[87.31586456298834,27.18222808837902],[87.35948944091797,27.190553665161133]]]}},{"type":"Feature","properties":{"district":"Dhanusa","district_key":"DHANUSA","zone":"Janakpur","region":"Central","households":138225,"population":753682,"male_population":377470,"female_population":376212,"sex_ratio":100.3,"area_km2":1188.6,"pop_density":634.1,"literacy_rate":50.37,"female_literacy_rate":40.23,"male_literacy_rate":60.51,"electricity_lighting_pct":73.23,"flush_toilet_pct":17.89,"improved_water_pct":89.03,"school_attendance_pct":53.09,"mobile_phone_hh_pct":67.22,"internet_hh_pct":0.63,"lpg_cooking_pct":10.12,"wood_cooking_pct":42.5,"vdc_count":102},"geometry":{"type":"Polygon","coordinates":[[[85.93941497802763,27.106048583984432],[85.96439361572294,27.079578399658203],[85.97247314453142,27.052236557006893],[85.99135589599626,27.02651214599615],[86.01459503173822,27.018310546875057],[86.10208892822277,27.01706695556635],[86.18994903564453,26.98214721679699],[86.25780487060547,26.932064056396598],[86.26165771484392,26.914169311523494],[86.22660827636724,26.90348243713379],[86.22338104248053,26.888196945190487],[86.16086578369169,26.92560195922846],[86.15863037109392,26.93504714965826],[86.13588714599638,26.91640663146967],[86.13339996337919,26.891178131103572],[86.15738677978521,26.843830108642578],[86.15017700195341,26.7701358795166],[86.16471862792969,26.749879837036246],[86.17690277099638,26.74814033508312],[86.20249938964861,26.684885025024414],[86.19902038574247,26.66661643981945],[86.1724243164063,26.651952743530217],[86.16795349121088,26.63877868652355],[86.15477752685575,26.638654708862305],[86.15763854980497,26.625606536865234],[86.14483642578153,26.60472869873047],[86.13842010498064,26.606208801269474],[86.14073944091797,26.628713607788086],[86.11997222900396,26.630434036254996],[86.07201385498041,26.65679931640625],[86.03073883056646,26.666421890258846],[86.01281738281256,26.6540145874024],[85.97818756103516,26.657917022705135],[85.96252441406244,26.651081085205192],[85.9503402709961,26.613220214843864],[85.93108367919939,26.616285324096623],[85.8932342529298,26.594543457031364],[85.88892364501953,26.5824298858642],[85.85211944580095,26.56841468811041],[85.85997009277361,26.589586257934627],[85.8571395874024,26.618522644043026],[85.90772247314459,26.653318405151367],[85.90821838378923,26.664131164550838],[85.8992691040039,26.668355941772404],[85.90809631347662,26.681653976440543],[85.88920593261724,26.69805717468273],[85.89566802978521,26.72129631042486],[85.88212585449224,26.751743316650447],[85.91008758544922,26.78430366516119],[85.92214202880876,26.84656524658203],[85.91902923584013,26.871046066284293],[85.89740753173834,26.877260208129996],[85.91928100585955,26.948345184326172],[85.92039489746094,26.958038330078182],[85.9089660644533,26.959529876709098],[85.91443634033232,27.009984970092773],[85.92934417724604,27.029371261596793],[85.91629791259771,27.037200927734432],[85.93431854248047,27.04266738891613],[85.94761657714872,27.061309814453068],[85.93717193603516,27.07659530639654],[85.93916320800787,27.09647941589361],[85.90809631347662,27.119220733642578],[85.907974243164,27.133512496948356],[85.94040679931635,27.121084213256893],[85.93941497802763,27.106048583984432]]]}},{"type":"Feature","properties":{"district":"Dolakha","district_key":"DOLAKHA","zone":"Janakpur","region":"Central","households":45658,"population":185099,"male_population":85754,"female_population":99345,"sex_ratio":86.3,"area_km2":2146.6,"pop_density":86.2,"literacy_rate":62.51,"female_literacy_rate":53.61,"male_literacy_rate":72.99,"electricity_lighting_pct":81.8,"flush_toilet_pct":38.74,"improved_water_pct":78.28,"school_attendance_pct":76.08,"mobile_phone_hh_pct":52.97,"internet_hh_pct":0.52,"lpg_cooking_pct":4.52,"wood_cooking_pct":94.36,"vdc_count":52},"geometry":{"type":"Polygon","coordinates":[[[86.19951629638678,28.138015747070256],[86.22486877441412,28.09551239013672],[86.21011352539062,28.09414863586437],[86.2066192626956,28.08381462097185],[86.22708892822266,28.032806396484602],[86.222396850586,28.01070785522478],[86.2355575561524,27.973974227905273],[86.29111480712919,27.978216171264705],[86.30641174316435,27.955341339111442],[86.32118225097662,27.947628021240234],[86.33771514892578,27.96491622924799],[86.35038757324224,27.93731498718256],[86.38372802734392,27.937524795532283],[86.4131469726563,27.90637016296398],[86.44483184814459,27.905500411987305],[86.47229766845709,27.92973327636713],[86.4718017578125,27.94588851928711],[86.5180282592774,27.956327438354776],[86.52462005615229,27.939800262451172],[86.53617095947271,27.941911697387752],[86.55021667480486,27.93023109436058],[86.55705261230463,27.90761375427246],[86.55655670166021,27.85690879821783],[86.54487609863298,27.810928344726562],[86.4890747070313,27.80856704711914],[86.48136901855486,27.820745468139762],[86.45838165283214,27.823230743408203],[86.45241546630865,27.83230400085455],[86.42208862304693,27.813289642333928],[86.4131469726563,27.790422439575252],[86.42457580566412,27.7854518890382],[86.41277313232428,27.760473251342887],[86.41289520263689,27.7463054656983],[86.4295501708985,27.73673629760748],[86.42283630371094,27.715236663818473],[86.40196228027372,27.71387100219738],[86.37821960449224,27.69212150573736],[86.35349273681669,27.693117141723633],[86.3140945434572,27.64576911926264],[86.30539703369146,27.61557006835949],[86.29359436035168,27.605007171630803],[86.19429779052751,27.5717010498048],[86.16086578369169,27.54137802124029],[86.14384460449224,27.495397567749023],[86.11811828613293,27.473897933960018],[86.09587097167969,27.49999618530279],[85.99694824218756,27.503227233886832],[85.99011993408209,27.51938247680664],[86.00006103515653,27.545728683471623],[85.95457458496111,27.58885192871105],[85.88697052001982,27.614450454712028],[85.91294097900385,27.63681983947754],[85.92039489746094,27.662794113159293],[85.94152832031278,27.668882369995174],[85.93965911865234,27.710763931274528],[85.96339416503912,27.741956710815543],[85.97955322265642,27.735120773315543],[86.00589752197271,27.744689941406364],[86.03261566162115,27.742080688476562],[86.03646850585943,27.75637245178234],[86.02217864990246,27.772153854370117],[86.02851867675776,27.78532791137701],[86.0223007202149,27.80869102478033],[86.00502777099638,27.829320907592887],[86.0447998046875,27.86759757995611],[86.05014038085938,27.885864257812443],[86.07176208496105,27.905376434326286],[86.06890869140653,27.91084480285673],[86.12631988525419,27.927371978759766],[86.1260833740235,27.94140625],[86.1095504760745,27.955587387085075],[86.10171508789091,27.99274063110363],[86.08170318603544,28.020080566406534],[86.09291839599615,28.033016204833928],[86.08993530273432,28.049119949341105],[86.09721374511736,28.061614990234432],[86.08581542968756,28.090515136718693],[86.09450531005888,28.09762763977045],[86.12021636962919,28.091138839721737],[86.13253021240251,28.099864959716854],[86.1443176269533,28.12581443786621],[86.18050384521513,28.1433486938476],[86.17723846435558,28.168991088867415],[86.18907928466825,28.173931121826286],[86.19961547851557,28.1561336517334],[86.19951629638678,28.138015747070256]]]}},{"type":"Feature","properties":{"district":"Dolpa","district_key":"DOLPA","zone":"Karnali","region":"Mid-Western","households":7466,"population":36128,"male_population":17681,"female_population":18447,"sex_ratio":95.8,"area_km2":7944.2,"pop_density":4.5,"literacy_rate":53.31,"female_literacy_rate":40.56,"male_literacy_rate":66.7,"electricity_lighting_pct":23.04,"flush_toilet_pct":33.39,"improved_water_pct":64.92,"school_attendance_pct":59.92,"mobile_phone_hh_pct":44.45,"internet_hh_pct":0.52,"lpg_cooking_pct":0.08,"wood_cooking_pct":89.02,"vdc_count":23},"geometry":{"type":"Polygon","coordinates":[[[82.89302825927729,29.70138931274431],[82.93764495849638,29.704319000244197],[82.95037078857428,29.69154167175293],[82.94291687011724,29.67411613464367],[82.95807647705072,29.662343978881836],[83.00282287597662,29.664718627929688],[83.01052856445307,29.672548294067383],[83.02307891845732,29.650674819946346],[83.03538513183594,29.65415573120123],[83.04532623291021,29.63091659545904],[83.06757354736345,29.62593650817871],[83.07142639160173,29.60991287231451],[83.08832550048857,29.60270500183111],[83.09217834472673,29.612026214599666],[83.11852264404314,29.61637496948265],[83.12225341796903,29.628555297851847],[83.13356018066406,29.617866516113565],[83.15208435058611,29.62380599975586],[83.16711425781244,29.616003036499023],[83.16102600097656,29.596366882324162],[83.1820144653322,29.593015670776424],[83.19882202148455,29.611118316650504],[83.22018432617205,29.605421066284464],[83.21657562255876,29.589284896850756],[83.23398590087896,29.577856063842773],[83.26305389404291,29.57760238647478],[83.27995300292974,29.568902969360636],[83.28419494628935,29.557624816894645],[83.257339477539,29.556724548339844],[83.26951599121122,29.507415771484432],[83.28417968750028,29.49868774414074],[83.31771850585943,29.50891494750971],[83.34652709960943,29.494728088379077],[83.34444427490246,29.465761184692326],[83.3559112548831,29.4513454437257],[83.36796569824213,29.449048995971793],[83.37353515625017,29.428474426269815],[83.41641235351557,29.42076873779297],[83.42819976806669,29.40238571166998],[83.42520904541033,29.385948181152457],[83.41391754150419,29.380414962768498],[83.41715240478544,29.359004974365178],[83.44698333740251,29.340232849121264],[83.44039154052763,29.308673858642578],[83.46723937988287,29.2744979858399],[83.48970794677751,29.27996826171875],[83.50001525878906,29.250015258789233],[83.51731872558594,29.25001716613781],[83.52452087402372,29.238416671752987],[83.51721954345709,29.228015899658203],[83.52091979980497,29.218450546264762],[83.54117584228533,29.202669143676815],[83.57411956787138,29.20251464843767],[83.5780868530274,29.180175781250114],[83.5922088623048,29.17410469055187],[83.61226654052763,29.180671691894588],[83.63550567626964,29.1584281921389],[83.6594848632813,29.17607307434082],[83.6681900024414,29.16961097717285],[83.66532897949219,29.155693054199276],[83.67850494384783,29.147491455078182],[83.68247985839838,29.123382568359375],[83.66234588623053,29.12437629699707],[83.65352630615251,29.119031906127987],[83.65203094482422,29.1044921875],[83.63090515136724,29.106853485107365],[83.61772918701178,29.098403930664062],[83.63276672363281,29.081005096435604],[83.63351440429705,29.062984466552678],[83.62171173095709,29.059629440307617],[83.61450195312506,29.03539657592796],[83.61711120605486,28.987674713134766],[83.61139678955095,28.9802188873291],[83.59412384033232,28.98357391357422],[83.58293914794939,28.95710372924816],[83.56901550292986,28.943309783935604],[83.56069183349615,28.94480133056652],[83.558578491211,28.933616638183594],[83.50153350830095,28.87719535827665],[83.50812530517607,28.86514091491705],[83.50389862060558,28.84612846374523],[83.48364257812506,28.844636917114315],[83.48239898681635,28.837677001953125],[83.489730834961,28.803625106811467],[83.4855041503908,28.7827472686767],[83.41242980957048,28.760503768921012],[83.39055633544928,28.762989044189453],[83.36408996582043,28.734033584594783],[83.32767486572294,28.737884521484375],[83.27921295166027,28.721853256225586],[83.23123931884783,28.74273109436035],[83.21197509765642,28.731796264648438],[83.15605926513666,28.74770355224615],[83.11566925048845,28.743476867675838],[83.08111572265625,28.7859783172608],[83.07018280029325,28.77989006042486],[82.99897003173834,28.80387496948248],[82.98294067382818,28.800643920898438],[82.96778106689482,28.820278167724666],[82.94889068603544,28.82885360717779],[82.90688323974615,28.83220863342285],[82.89806365966803,28.824628829956055],[82.86948394775396,28.834197998046818],[82.84574127197266,28.82636833190918],[82.8191528320313,28.831338882446403],[82.80125427246122,28.820528030395508],[82.78372955322294,28.824131011963004],[82.76757812500017,28.80834770202648],[82.74446105957031,28.84513282775879],[82.71401214599615,28.851470947265682],[82.69760894775396,28.864645004272575],[82.701713562012,28.882663726806697],[82.69288635253912,28.88825607299816],[82.7009658813476,28.909507751464957],[82.68841552734392,28.91721153259283],[82.66815948486322,28.963317871093693],[82.64243316650408,28.962820053100643],[82.52623748779325,29.01439476013178],[82.48634338378935,29.015014648437443],[82.45813751220732,28.990036010742188],[82.39860534667997,29.004949569702205],[82.39350891113281,29.01824569702154],[82.40693664550787,29.046829223632926],[82.40519714355469,29.073299407958984],[82.41998291015653,29.111204147338924],[82.4188613891601,29.136306762695426],[82.43626403808611,29.139537811279354],[82.4486923217774,29.158054351806697],[82.47428894042974,29.16389465332037],[82.5164184570313,29.156314849853516],[82.57295989990263,29.171600341796818],[82.58042144775385,29.17992591857916],[82.58414459228521,29.19024085998541],[82.54761505126947,29.212114334106445],[82.53605651855474,29.236595153808707],[82.54214477539062,29.243803024292106],[82.5328216552735,29.25001716613781],[82.55394744873064,29.265674591064567],[82.5587997436524,29.286926269531307],[82.59259796142607,29.303081512451286],[82.59235382080084,29.326694488525447],[82.57681274414062,29.337505340576172],[82.56998443603533,29.365343093872127],[82.55009460449213,29.380256652832145],[82.56040954589844,29.411447525024414],[82.58812713623053,29.42250823974615],[82.62503051757841,29.424621582031307],[82.62590026855474,29.398151397705078],[82.64405059814459,29.385351181030387],[82.68915557861328,29.412567138671875],[82.69213867187511,29.425119400024528],[82.7167510986331,29.431705474853516],[82.7367553710938,29.46625328063982],[82.7254486083985,29.47930145263672],[82.73377227783197,29.507637023925895],[82.78348541259771,29.514347076416072],[82.80510711669916,29.55150413513178],[82.82113647460938,29.559333801269645],[82.79627990722685,29.631536483764705],[82.80038452148455,29.63949012756359],[82.82896423339861,29.64905929565458],[82.82909393310575,29.689697265625],[82.86264801025402,29.684602737426758],[82.88812255859392,29.692680358886832],[82.89302825927729,29.70138931274431]]]}},{"type":"Feature","properties":{"district":"Doti","district_key":"DOTI","zone":"Seti","region":"Far-Western","households":41383,"population":207070,"male_population":92978,"female_population":114092,"sex_ratio":81.5,"area_km2":2050.7,"pop_density":101.0,"literacy_rate":55.23,"female_literacy_rate":42.12,"male_literacy_rate":72.01,"electricity_lighting_pct":30.2,"flush_toilet_pct":25.45,"improved_water_pct":66.07,"school_attendance_pct":67.81,"mobile_phone_hh_pct":34.04,"internet_hh_pct":0.44,"lpg_cooking_pct":2.73,"wood_cooking_pct":95.98,"vdc_count":51},"geometry":{"type":"Polygon","coordinates":[[[80.91353607177746,29.443759918212947],[80.94125366210938,29.397529602050838],[80.97219085693376,29.40013885498047],[81.02289581298828,29.421514511108455],[81.03296661376982,29.41269111633312],[81.09883117675798,29.40747261047369],[81.12107086181669,29.395790100097713],[81.1339950561524,29.404115676879996],[81.14704895019526,29.392185211181584],[81.1668090820313,29.396411895751953],[81.1722717285158,29.414804458618278],[81.18718719482428,29.405483245849723],[81.18855285644537,29.397777557373047],[81.15499877929699,29.381746292114315],[81.15624237060564,29.362607955932674],[81.14655303955084,29.352294921875],[81.13735198974626,29.30482101440441],[81.12244415283197,29.299352645873967],[81.10168457031267,29.261325836181754],[81.09907531738287,29.248153686523438],[81.11125946044928,29.24305725097662],[81.11535644531278,29.227771759033146],[81.06602478027361,29.198318481445312],[81.02836608886747,29.195337295532227],[81.031723022461,29.18626403808605],[81.04725646972685,29.18440055847168],[81.05023956298834,29.16439247131359],[81.0591888427735,29.16128540039074],[81.05719757080107,29.149728775024414],[81.11075592041027,29.097906112671012],[81.11163330078125,29.08473205566412],[81.1302719116211,29.081253051757812],[81.12132263183611,29.07218170166027],[81.14642333984386,29.035272598266545],[81.15189361572271,29.00606727600109],[81.14418792724604,28.989788055419922],[81.12057495117205,28.97425460815441],[81.10715484619169,28.977857589721737],[81.10069274902338,28.963813781738338],[81.04974365234403,28.977857589721737],[81.02252197265642,28.952754974365234],[81.00350952148443,28.95660591125494],[80.98275756835943,28.938711166381836],[80.95504760742193,28.935728073120174],[80.92981719970703,28.943433761596623],[80.9131622314456,28.930881500244197],[80.90819549560558,28.940326690673942],[80.89912414550798,28.942564010620174],[80.89626312255876,28.93436241149908],[80.88495635986357,28.94045066833496],[80.88371276855474,28.967046737671012],[80.85662078857422,28.97748565673828],[80.83860015869169,28.955736160278263],[80.83387756347656,28.936599731445426],[80.82281494140625,28.930633544921932],[80.80715942382807,28.94480133056652],[80.81125640869146,28.955862045288086],[80.80057525634771,28.97673988342285],[80.76403808593778,28.988048553466797],[80.7646560668947,29.001718521118164],[80.65827941894537,29.022098541259822],[80.61814117431635,29.05888366699213],[80.59812927246094,29.048320770263672],[80.53313446044922,29.08958053588873],[80.52841186523443,29.105859756469727],[80.56781005859392,29.118659973144588],[80.57340240478521,29.129098892212028],[80.5683059692384,29.14450836181652],[80.59291076660168,29.147863388061637],[80.60049438476568,29.170356750488338],[80.62136840820341,29.18104553222662],[80.64784240722668,29.178186416625977],[80.70624542236357,29.192852020263786],[80.70861053466797,29.231500625610465],[80.74092102050793,29.24529457092285],[80.75844573974615,29.267539978027287],[80.74552154541044,29.274747848510685],[80.7359466552735,29.298608779907283],[80.7589416503908,29.308673858642578],[80.77397918701172,29.30158996582037],[80.77807617187506,29.31550979614252],[80.7608032226562,29.33228683471691],[80.76502990722673,29.363603591919002],[80.77174377441406,29.357389450073242],[80.77633666992193,29.364969253540096],[80.8169784545899,29.365343093872127],[80.83648681640653,29.381000518798828],[80.85028076171875,29.375782012939396],[80.86183929443371,29.396411895751953],[80.8541336059572,29.407968521118107],[80.87699890136736,29.412443161010856],[80.91353607177746,29.443759918212947]]]}},{"type":"Feature","properties":{"district":"Gorkha","district_key":"GORKHA","zone":"Gandaki","region":"West","households":66458,"population":268942,"male_population":119346,"female_population":149596,"sex_ratio":79.8,"area_km2":3642.0,"pop_density":73.8,"literacy_rate":66.07,"female_literacy_rate":59.32,"male_literacy_rate":74.73,"electricity_lighting_pct":76.42,"flush_toilet_pct":41.2,"improved_water_pct":65.17,"school_attendance_pct":75.63,"mobile_phone_hh_pct":61.62,"internet_hh_pct":0.47,"lpg_cooking_pct":10.85,"wood_cooking_pct":84.34,"vdc_count":67},"geometry":{"type":"Polygon","coordinates":[[[84.55912017822283,28.752016067504996],[84.57389068603521,28.73502731323248],[84.6285705566408,28.736415863037223],[84.64571380615251,28.72511482238781],[84.65281677246094,28.70231437683117],[84.66374206542974,28.698614120483626],[84.67060852050787,28.683336257934684],[84.70711517333979,28.671026229858512],[84.69692230224615,28.63635444641119],[84.73941802978521,28.616615295410156],[84.78291320800787,28.60941505432129],[84.8593139648437,28.570314407348633],[84.87101745605469,28.58231544494629],[84.88830566406244,28.58254241943365],[84.90321350097673,28.593114852905273],[84.90829467773466,28.588237762451115],[84.9475860595706,28.594619750976676],[84.9510726928711,28.580038070678995],[84.98461914062528,28.590869903564567],[84.99521636962896,28.600114822387752],[84.99111938476557,28.612714767456225],[85.01110839843778,28.636960983276367],[85.04251098632818,28.657850265503214],[85.04341888427751,28.668315887451286],[85.05431365966797,28.66991615295416],[85.06079864501953,28.682334899902457],[85.08615112304705,28.670778274536076],[85.1171340942384,28.6865367889406],[85.13461303710938,28.6757488250733],[85.15934753417963,28.642940521240348],[85.1810150146485,28.644914627075423],[85.19066619873064,28.6410751342774],[85.18705749511736,28.63212776184082],[85.19985961914068,28.627033233642805],[85.19116210937528,28.604911804199332],[85.17587280273443,28.59733200073248],[85.1937866210938,28.568864822387752],[85.18693542480474,28.561292648315487],[85.18851470947294,28.533584594726676],[85.1684188842774,28.531963348388786],[85.15473175048857,28.489843368530387],[85.12044525146484,28.485206604003906],[85.10143280029303,28.456777572631893],[85.11684417724626,28.442983627319336],[85.11783599853521,28.40868377685564],[85.12891387939459,28.391515731811523],[85.1103820800783,28.34679603576683],[85.08329010009783,28.345678329467717],[85.04874420166033,28.325670242309627],[85.03507232666021,28.30305099487316],[85.0401687622072,28.290002822876033],[85.02985382080095,28.26166915893566],[85.00424957275419,28.253341674804744],[85.00090026855486,28.241039276123104],[84.99381256103533,28.24451828002941],[84.9642333984375,28.212579727172965],[84.97604370117182,28.190086364746037],[84.95951843261719,28.155290603637695],[84.95914459228521,28.12658309936529],[84.9310531616211,28.12608528137207],[84.92037200927734,28.103219985961914],[84.90259552001982,28.106451034546012],[84.89464569091814,28.09973907470703],[84.87152862548822,28.1202449798584],[84.85686492919939,28.122482299804744],[84.84455871582037,28.114900588989315],[84.81137847900396,28.0351181030274],[84.81349182128918,28.002681732177678],[84.79299163818376,27.99795913696289],[84.77185821533209,27.967388153076286],[84.74812316894526,27.960056304931697],[84.73420715332031,27.925260543823356],[84.73793792724615,27.893198013305664],[84.75148010253912,27.885864257812443],[84.74912261962908,27.878408432006836],[84.76651763916021,27.859767913818473],[84.78453826904325,27.813661575317383],[84.77521514892578,27.80844306945812],[84.76477813720703,27.818012237548942],[84.73408508300787,27.79539299011242],[84.67070007324219,27.818012237548942],[84.6613845825197,27.85044670104986],[84.6376495361331,27.86013984680187],[84.62472534179688,27.88014793395996],[84.6106796264649,27.871448516845817],[84.59166717529308,27.87940216064453],[84.56954193115246,27.858648300170955],[84.54953765869169,27.862874984741325],[84.55450439453153,27.869958877563533],[84.54294586181658,27.875551223754996],[84.5475463867188,27.9046306610108],[84.54021453857416,27.91743087768549],[84.50355529785185,27.915441513061523],[84.5086517333985,27.92277336120617],[84.42277526855486,27.958440780639762],[84.42364501953153,27.97844886779785],[84.4594345092774,28.003677368164176],[84.46838378906256,28.050899505615348],[84.48938751220709,28.062458038330135],[84.49063110351557,28.08358383178711],[84.54369354248064,28.099988937378043],[84.55848693847685,28.1245956420899],[84.60334777832026,28.151811599731445],[84.61403656005854,28.17219161987316],[84.63590240478521,28.190210342407283],[84.64249420166033,28.204875946044922],[84.63516235351591,28.229854583740178],[84.65367889404325,28.26427841186529],[84.64870452880888,28.292985916137695],[84.6715698242188,28.342073440551815],[84.68263244628912,28.34269523620611],[84.6970520019533,28.36083984375],[84.67853546142595,28.376249313354492],[84.67803192138678,28.387060165405217],[84.64137268066406,28.436769485473803],[84.62372589111357,28.44919776916504],[84.6007385253908,28.45193099975586],[84.58520507812528,28.476909637451172],[84.56681060791021,28.486852645874023],[84.57277679443371,28.509843826293945],[84.54357147216803,28.598201751708984],[84.54493713378935,28.627157211303825],[84.5336303710938,28.64617156982422],[84.52095031738276,28.651763916015682],[84.52430725097662,28.663196563720646],[84.51473999023443,28.673511505127124],[84.52219390869146,28.694389343261662],[84.4999542236331,28.702342987060547],[84.4999542236331,28.740991592407397],[84.51681518554705,28.748418807983455],[84.52704620361357,28.742111206054688],[84.55912017822283,28.752016067504996]]]}},{"type":"Feature","properties":{"district":"Gulmi","district_key":"GULMI","zone":"Lumbini","region":"West","households":64887,"population":279005,"male_population":119979,"female_population":159026,"sex_ratio":75.4,"area_km2":1108.2,"pop_density":251.8,"literacy_rate":72.46,"female_literacy_rate":65.92,"male_literacy_rate":81.5,"electricity_lighting_pct":64.19,"flush_toilet_pct":53.34,"improved_water_pct":90.06,"school_attendance_pct":77.23,"mobile_phone_hh_pct":68.69,"internet_hh_pct":0.92,"lpg_cooking_pct":6.77,"wood_cooking_pct":92.23,"vdc_count":79},"geometry":{"type":"Polygon","coordinates":[[[83.18637847900385,28.270616531372013],[83.21744537353544,28.24824714660656],[83.23608398437506,28.2214031219483],[83.25373077392578,28.214071273803654],[83.27573394775396,28.187477111816406],[83.30903625488281,28.197668075561467],[83.3328933715822,28.188968658447322],[83.35750579834001,28.197294235229492],[83.42548370361334,28.125465393066406],[83.47568511962919,28.132175445556754],[83.47631072998047,28.119127273559684],[83.48773956298822,28.11316108703619],[83.5123443603515,28.126831054687557],[83.53421783447271,28.11639213562023],[83.55596923828136,28.117261886596737],[83.56466674804705,28.092657089233455],[83.58268737792997,28.077371597290153],[83.56317901611334,28.06432151794445],[83.56354522705084,28.036111831665096],[83.59796905517607,28.020950317382812],[83.60691833496122,28.01187896728527],[83.60567474365251,27.996593475341797],[83.58678436279314,27.987646102905387],[83.58728790283232,27.97869682312006],[83.57846069335943,27.974224090576286],[83.55199432373075,27.97658538818365],[83.53173828125006,27.964530944824276],[83.48339080810564,27.980562210083008],[83.4427566528322,27.935325622558594],[83.42945861816412,27.939676284790153],[83.42137908935547,27.930603027343807],[83.40124511718756,27.934703826904354],[83.37987518310553,27.95868873596197],[83.34768676757824,27.949865341186637],[83.34818267822283,27.931100845337028],[83.34022521972662,27.92277336120617],[83.28281402587896,27.92613029479986],[83.28542327880876,27.941663742065543],[83.30468750000017,27.95533370971691],[83.30282592773443,27.967761993408317],[83.28244018554693,27.967388153076286],[83.26491546630871,27.9887638092041],[83.25547790527361,27.98627853393549],[83.23546600341797,28.021074295044002],[83.23210906982433,28.04766845703125],[83.22105407714872,28.058979034423828],[83.18513488769537,28.08743667602539],[83.152328491211,28.059598922729492],[83.12622833251959,28.07065963745123],[83.12759399414091,28.08395767211914],[83.10435485839872,28.07699775695812],[83.10137176513689,28.09389877319336],[83.0751495361331,28.09066772460949],[83.06856536865251,28.09824943542492],[83.07241821289068,28.107942581176758],[83.053031921387,28.111421585083008],[83.06048583984403,28.129442214965934],[83.05154418945312,28.14025306701666],[83.05887603759771,28.145099639892635],[83.03886413574224,28.157527923584098],[83.04421234130865,28.16858673095703],[83.03141021728521,28.17480087280279],[83.03898620605486,28.20313644409191],[83.02904510498047,28.23594474792492],[83.02395629882818,28.234329223632756],[83.03178405761724,28.240915298461914],[83.05290985107439,28.243524551391715],[83.07975006103544,28.233583450317496],[83.09553527832043,28.256822586059627],[83.11156463623058,28.25160217285162],[83.1263504028322,28.257568359375114],[83.13567352294939,28.25085639953619],[83.1575469970706,28.270616531372013],[83.16985321044922,28.257816314697322],[83.18637847900385,28.270616531372013]]]}},{"type":"Feature","properties":{"district":"Humla","district_key":"HUMLA","zone":"Karnali","region":"Mid-Western","households":9437,"population":49933,"male_population":25077,"female_population":24856,"sex_ratio":100.9,"area_km2":6008.8,"pop_density":8.3,"literacy_rate":46.77,"female_literacy_rate":32.56,"male_literacy_rate":60.78,"electricity_lighting_pct":31.36,"flush_toilet_pct":27.38,"improved_water_pct":70.03,"school_attendance_pct":64.48,"mobile_phone_hh_pct":38.68,"internet_hh_pct":0.68,"lpg_cooking_pct":0.03,"wood_cooking_pct":98.32,"vdc_count":27},"geometry":{"type":"Polygon","coordinates":[[[81.62127685546875,30.447021484375114],[81.72951507568388,30.41073226928728],[81.73349761962902,30.39842987060564],[81.7535018920899,30.38873672485363],[81.81021118164091,30.38720703125],[81.82819366455095,30.375066757202262],[81.868949890137,30.377428054809855],[81.88572692871122,30.360401153564453],[81.91631317138689,30.34994506835949],[81.94451904296875,30.348815917968693],[81.95196533203142,30.357810974121094],[81.9640197753908,30.350833892822436],[81.96163177490263,30.34002876281744],[81.99211120605474,30.321130752563533],[82.01298522949213,30.32970619201666],[82.01611328125006,30.343515396118278],[82.05709075927751,30.33402442932129],[82.0746154785158,30.358415603637866],[82.11191558837902,30.345615386963175],[82.12920379638672,30.30324745178234],[82.11277770996111,30.277511596679688],[82.11960601806635,30.25840759277338],[82.10931396484375,30.255115509033203],[82.1009750366211,30.238489151000977],[82.11339569091803,30.225440979003906],[82.12841796875017,30.226314544677734],[82.1435165405274,30.19761466979986],[82.16323089599638,30.189277648925838],[82.18621826171892,30.190916061401595],[82.18381500244146,30.161415100097713],[82.20722961425787,30.152118682861328],[82.19989776611322,30.136833190918026],[82.17292022705084,30.118814468383903],[82.1880874633789,30.111232757568473],[82.16770935058611,30.08103561401373],[82.1725463867188,30.067626953125284],[82.23170471191435,30.065252304077205],[82.2430191040039,30.074115753173828],[82.28351593017584,30.060914993286133],[82.30043029785156,30.0379123687747],[82.31781768798845,30.040515899658374],[82.32143402099626,30.049221038818644],[82.33632659912126,30.046470642089957],[82.36418151855486,30.013679504394645],[82.3795013427735,30.020273208618164],[82.37786102294916,30.026321411132812],[82.39781951904303,30.023715972900334],[82.43402862548834,29.989086151123104],[82.47561645507818,29.975114822387752],[82.47792053222662,29.963214874267692],[82.4993972778322,29.947067260742244],[82.49019622802729,29.92917251586914],[82.47254943847662,29.919603347778377],[82.47628021240229,29.90667915344244],[82.46981811523455,29.8988494873048],[82.44956207275419,29.88865852355957],[82.46124267578142,29.881450653076172],[82.46347808837919,29.863679885864258],[82.43688201904303,29.86082267761242],[82.43178558349621,29.83522224426264],[82.44036102294933,29.815586090088004],[82.40283203125028,29.805395126342773],[82.41464233398466,29.77780723571783],[82.39947509765625,29.7611541748048],[82.41613006591803,29.73207473754877],[82.41178131103544,29.713060379028377],[82.39202117919939,29.695787429809513],[82.34119415283232,29.71591949462902],[82.31509399414091,29.712314605712947],[82.28377532958996,29.69230651855463],[82.26339721679716,29.702869415283317],[82.23369598388689,29.700508117675724],[82.23618316650408,29.66272926330572],[82.19442749023455,29.653160095214957],[82.15801239013678,29.658256530761776],[82.1444702148438,29.645828247070312],[82.10457611084001,29.634767532348633],[82.11550903320318,29.652912139892692],[82.10258483886747,29.665712356567383],[82.1030883789063,29.68621826171875],[82.0630722045899,29.72834587097168],[82.06220245361328,29.74624252319336],[82.03771972656261,29.749223709106445],[82.00788879394548,29.727228164672965],[81.99472045898455,29.704236984253043],[81.95097351074247,29.676523208618107],[81.93196105957048,29.677268981933594],[81.9195327758789,29.66372489929205],[81.892562866211,29.668073654174805],[81.87429809570341,29.635017395019588],[81.85478973388678,29.619358062744084],[81.79290008544939,29.62731170654297],[81.77562713623053,29.605812072753963],[81.73871612548828,29.606557846069393],[81.70118713378923,29.642101287841797],[81.69919586181669,29.680873870849666],[81.7158508300783,29.722257614135742],[81.72877502441435,29.734062194824332],[81.74156951904291,29.792470932006893],[81.7663040161134,29.801792144775447],[81.77549743652372,29.798187255859375],[81.78233337402355,29.80800628662115],[81.782455444336,29.839447021484432],[81.7960052490235,29.848892211914176],[81.80047607421903,29.90220451354992],[81.78171539306646,29.911027908325252],[81.7178344726563,29.909412384033317],[81.71150207519537,29.926935195922965],[81.69931793212896,29.931533813476562],[81.699691772461,29.94147491455078],[81.68900299072271,29.949180603027457],[81.66700744628906,29.940357208251896],[81.64737701416033,29.948186874389762],[81.6283569335938,29.93836784362793],[81.61469268798857,29.94321632385254],[81.60437774658232,29.930166244506836],[81.58673095703142,29.936878204345987],[81.55118560791044,29.92320823669445],[81.51862335205095,29.92271041870123],[81.5187530517581,29.904317855835075],[81.50731658935575,29.8943767547608],[81.49364471435564,29.8871688842774],[81.4710311889649,29.890771865844727],[81.4586029052735,29.900588989257756],[81.46344757080107,29.913265228271598],[81.45449829101591,29.95116806030279],[81.4696655273438,29.96247863769537],[81.4638214111331,29.99665260314964],[81.40305328369158,30.022874832153434],[81.37831878662115,30.006471633911246],[81.35942840576178,30.0104465484622],[81.27581787109392,30.044515609741325],[81.27621459960955,30.057014465332202],[81.28946685791027,30.07009887695341],[81.29192352294928,30.112737655639705],[81.25901794433594,30.149915695190657],[81.305419921875,30.162809371948185],[81.31731414794933,30.152832031250057],[81.33307647705078,30.154016494751204],[81.35383605957048,30.178714752197322],[81.39821624755888,30.209014892578068],[81.39248657226591,30.231405258178768],[81.39720916748053,30.25041961669939],[81.41820526123053,30.280914306640568],[81.40441894531256,30.283716201782454],[81.40354156494169,30.29120445251465],[81.4246673583985,30.30449104309082],[81.3993453979495,30.32290077209484],[81.40764617919939,30.35269737243658],[81.39743804931669,30.3690834045413],[81.42317962646513,30.371612548828182],[81.4296493530274,30.38202476501465],[81.40280151367216,30.395944595337028],[81.40892028808588,30.42001533508295],[81.44467163085943,30.41642570495634],[81.49051666259794,30.381614685058707],[81.55290222167997,30.369985580444336],[81.55253601074247,30.40216255188011],[81.56092071533232,30.407415390014705],[81.56213378906267,30.42723846435547],[81.60959625244158,30.412597656250227],[81.62339019775396,30.423906326294173],[81.62127685546875,30.447021484375114]]]}},{"type":"Feature","properties":{"district":"Ilam","district_key":"ILAM","zone":"Mechi","region":"East","households":64477,"population":287932,"male_population":139089,"female_population":148843,"sex_ratio":93.4,"area_km2":1685.1,"pop_density":170.9,"literacy_rate":77.73,"female_literacy_rate":72.0,"male_literacy_rate":83.92,"electricity_lighting_pct":65.54,"flush_toilet_pct":33.82,"improved_water_pct":79.03,"school_attendance_pct":71.8,"mobile_phone_hh_pct":69.24,"internet_hh_pct":0.72,"lpg_cooking_pct":5.85,"wood_cooking_pct":90.23,"vdc_count":49},"geometry":{"type":"Polygon","coordinates":[[[87.89808654785185,27.0922527313233],[88.00434112548822,27.104681015014705],[88.02372741699224,27.087406158447266],[88.01900482177763,27.07324028015148],[88.04026031494158,27.036317825317667],[88.0622177124024,27.028715133666992],[88.07955169677751,27.03507423400879],[88.09503936767584,27.004039764404297],[88.1176834106447,26.988485336303768],[88.13748168945307,26.985267639160156],[88.12301635742205,26.95011520385748],[88.1486206054688,26.920415878295955],[88.13893127441412,26.89838600158697],[88.1760864257813,26.865205764770565],[88.17021942138678,26.83711624145525],[88.17683410644531,26.833143234252873],[88.18752288818365,26.782812118530273],[88.16851043701183,26.783184051513672],[88.15322113037115,26.805553436279354],[88.1573257446289,26.795238494873104],[88.14762878417986,26.769018173217887],[88.13868713378906,26.765289306640568],[88.13396453857428,26.77796554565441],[88.12799835205095,26.758329391479606],[88.11407470703142,26.74565505981451],[88.09928894042997,26.761436462402457],[88.09494018554682,26.801204681396598],[88.07965087890653,26.782936096191463],[88.06970977783214,26.791263580322322],[88.04945373535162,26.74503326416027],[88.02931976318388,26.766283035278434],[88.02870178222668,26.77796554565441],[88.0105590820313,26.766780853271484],[88.007080078125,26.779705047607422],[87.999496459961,26.753234863281364],[87.98396301269548,26.75211715698248],[87.98172760009771,26.77771759033203],[87.96582031249994,26.776847839355526],[87.96730804443388,26.78952217102062],[87.95973205566406,26.76777458190918],[87.94979095458979,26.766780853271484],[87.9603500366211,26.749755859375057],[87.95115661621111,26.739316940307617],[87.95276641845709,26.72825622558605],[87.93810272216808,26.726142883300895],[87.92990112304699,26.71545600891119],[87.9389724731447,26.701040267944393],[87.93649291992205,26.68848800659191],[87.92667388916044,26.697187423706055],[87.88168334960966,26.684263229370174],[87.86553192138689,26.690353393554688],[87.868637084961,26.671339035034237],[87.84775543212885,26.674570083618164],[87.81706237792969,26.69370841979992],[87.79593658447266,26.68003845214838],[87.79332733154303,26.66599464416504],[87.76797485351574,26.664876937866325],[87.71118164062494,26.694204330444393],[87.69291687011736,26.756341934204215],[87.67800140380854,26.751991271972656],[87.66569519042974,26.760442733764762],[87.68160247802763,26.780948638916072],[87.65861511230474,26.7979736328125],[87.6640853881836,26.81450271606451],[87.60219573974615,26.861850738525504],[87.63947296142572,26.860483169555778],[87.6908035278322,26.880739212036076],[87.69651794433594,26.921998977661133],[87.7088241577149,26.928956985473746],[87.67974090576189,26.95170021057129],[87.69278717041021,26.97431755065918],[87.74324798583984,27.019428253173942],[87.78052520751959,27.012470245361385],[87.84092712402361,27.046024322509766],[87.89808654785185,27.0922527313233]]]}},{"type":"Feature","properties":{"district":"Jajarkot","district_key":"JAJARKOT","zone":"Bheri","region":"Mid-Western","households":30468,"population":170106,"male_population":84364,"female_population":85742,"sex_ratio":98.4,"area_km2":2221.8,"pop_density":76.6,"literacy_rate":56.92,"female_literacy_rate":48.68,"male_literacy_rate":65.34,"electricity_lighting_pct":4.02,"flush_toilet_pct":17.44,"improved_water_pct":56.47,"school_attendance_pct":71.31,"mobile_phone_hh_pct":22.1,"internet_hh_pct":0.06,"lpg_cooking_pct":0.22,"wood_cooking_pct":98.93,"vdc_count":30},"geometry":{"type":"Polygon","coordinates":[[[82.28564453125006,29.123382568359375],[82.2875061035158,29.115800857543945],[82.30329132080078,29.119653701782283],[82.32503509521484,29.109960556030273],[82.35436248779325,29.116422653198356],[82.41352081298822,29.095668792724666],[82.40519714355469,29.073299407958984],[82.40693664550787,29.046829223632926],[82.39350891113281,29.01824569702154],[82.40022277832048,29.00345802307129],[82.45813751220732,28.990036010742188],[82.49541473388672,29.01675605773937],[82.53742218017584,29.011287689208928],[82.58203887939459,28.990409851074162],[82.55394744873064,28.987674713134766],[82.51517486572294,28.949895858764762],[82.51803588867216,28.930509567260742],[82.50635528564464,28.921188354492188],[82.50933837890625,28.89484214782715],[82.498519897461,28.8790607452392],[82.47242736816435,28.86812400817871],[82.45639801025419,28.873218536376953],[82.43191528320318,28.851222991943473],[82.40097045898455,28.841529846191463],[82.37660980224615,28.82201766967779],[82.35722351074247,28.791446685791072],[82.29446411132841,28.7837429046632],[82.28452301025396,28.762243270873967],[82.29197692871105,28.73813438415533],[82.277816772461,28.705945968628043],[82.28079986572283,28.693145751953182],[82.2492294311524,28.712284088134766],[82.21095275878935,28.67587280273449],[82.19828033447271,28.682334899902457],[82.20001983642584,28.663818359375114],[82.1883392333985,28.637969970703125],[82.19318389892607,28.631010055541935],[82.1705627441408,28.611623764038086],[82.1445922851562,28.615724563598633],[82.14384460449219,28.625915527343693],[82.08419799804693,28.618085861206055],[82.05623626709013,28.634738922119254],[82.05821990966814,28.644556045532283],[82.04716491699236,28.636974334716854],[82.0101318359375,28.645177841186523],[81.9494857788086,28.636104583740348],[81.88001251220732,28.647911071777344],[81.86149597167997,28.692276000976676],[81.8218536376956,28.723966598510742],[81.83801269531256,28.740619659423942],[81.88200378417986,28.74695777893072],[81.88560485839861,28.761745452880916],[81.91406250000006,28.77989006042486],[81.89057922363298,28.812574386596793],[81.88013458251959,28.84886169433605],[81.89579772949224,28.900684356689453],[81.92636871337919,28.92479324340826],[81.92152404785162,28.97760963439947],[81.96016693115234,28.985563278198356],[81.98614501953142,29.002712249755803],[81.98788452148443,29.01252937316906],[82.0021743774414,29.01551246643072],[82.00913238525419,29.03042602539074],[82.04106903076189,29.011909484863395],[82.05113983154297,28.981088638305778],[82.08021545410162,28.96928215026861],[82.0972442626956,28.97437858581543],[82.09935760498075,28.982332229614315],[82.12557983398438,28.995504379272404],[82.12060546875017,29.01439476013178],[82.14819335937528,29.032041549682674],[82.14968872070324,29.048072814941406],[82.16931915283209,29.069198608398438],[82.182373046875,29.061742782592773],[82.20001983642584,29.07305145263672],[82.20287322998053,29.08895874023449],[82.22164154052729,29.090200424194393],[82.22735595703153,29.10461616516119],[82.26451873779325,29.1071014404298],[82.27159881591825,29.113937377929744],[82.26638031005865,29.12139320373541],[82.28564453125006,29.123382568359375]]]}},{"type":"Feature","properties":{"district":"Jhapa","district_key":"JHAPA","zone":"Mechi","region":"East","households":184384,"population":807934,"male_population":381068,"female_population":426866,"sex_ratio":89.3,"area_km2":1603.8,"pop_density":503.7,"literacy_rate":74.97,"female_literacy_rate":68.61,"male_literacy_rate":82.2,"electricity_lighting_pct":82.1,"flush_toilet_pct":44.11,"improved_water_pct":95.63,"school_attendance_pct":70.52,"mobile_phone_hh_pct":73.66,"internet_hh_pct":2.29,"lpg_cooking_pct":22.69,"wood_cooking_pct":58.9,"vdc_count":50},"geometry":{"type":"Polygon","coordinates":[[[88.15322113037115,26.805553436279354],[88.17633819580107,26.780202865600813],[88.18752288818365,26.782812118530444],[88.19049835205072,26.77141189575201],[88.18466186523443,26.71918487548828],[88.16999816894537,26.69892692565918],[88.16304016113276,26.63629341125494],[88.14464569091803,26.625482559204215],[88.14179992675787,26.606517791748047],[88.13246917724621,26.600999832153377],[88.13272094726562,26.57328605651861],[88.1159439086914,26.572292327880916],[88.1159439086914,26.55787658691412],[88.10798645019537,26.56060981750494],[88.11408996582037,26.544845581054688],[88.10065460205107,26.536128997802678],[88.10621643066423,26.536014556884993],[88.10551452636724,26.51821517944353],[88.09291839599615,26.506715774536303],[88.10128021240251,26.505434036254883],[88.10832214355486,26.489107131958292],[88.1028900146485,26.4794597625733],[88.10923004150419,26.475925445556868],[88.09442901611345,26.462677001953352],[88.09740447998075,26.437442779541072],[88.07390594482433,26.40774345397955],[88.06261444091803,26.40941619873047],[88.03715515136713,26.391723632812727],[88.02969360351591,26.381532669067667],[88.03255462646513,26.36463165283226],[88.0003738403322,26.3647270202639],[87.99415588378912,26.392219543456974],[87.96831512451189,26.396816253662166],[87.9293060302735,26.417947769165096],[87.92853546142584,26.427389144897518],[87.91912078857439,26.430715560913256],[87.92667388916044,26.44640350341814],[87.90119934082048,26.448390960693303],[87.91210174560553,26.457448959350586],[87.89063262939482,26.48641967773449],[87.88814544677763,26.476228713989258],[87.86080932617193,26.463428497314567],[87.86512756347673,26.45263099670416],[87.85121917724626,26.436214447021484],[87.83071899414074,26.439815521240405],[87.8322143554688,26.449914932250977],[87.81968688964872,26.45873069763178],[87.78897857666044,26.467653274536133],[87.77642059326166,26.450115203857592],[87.7802810668947,26.43559074401861],[87.77307128906256,26.42714118957531],[87.77878570556646,26.421548843383846],[87.75631713867193,26.407915115356616],[87.74991607666016,26.418516159057617],[87.7361602783206,26.407505035400447],[87.71217346191423,26.427118301391886],[87.67774963378918,26.435964584350643],[87.6753921508789,26.44951057434082],[87.66234588623075,26.457214355468864],[87.64519500732416,26.507173538208065],[87.64842224121122,26.548929214477596],[87.63823699951178,26.5802459716798],[87.64469909667974,26.583974838256893],[87.64096832275419,26.59727096557623],[87.65798950195312,26.615539550781364],[87.64482116699219,26.66611862182623],[87.65513610839861,26.684635162353572],[87.65774536132841,26.7157039642334],[87.68086242675776,26.729871749877987],[87.68968200683611,26.749631881713867],[87.70410156250028,26.73161125183111],[87.71118164062494,26.694204330444393],[87.76797485351574,26.664876937866325],[87.79332733154303,26.66599464416504],[87.79593658447266,26.68003845214838],[87.81706237792969,26.69370841979992],[87.84775543212885,26.674570083618164],[87.868637084961,26.671339035034237],[87.86553192138689,26.690353393554688],[87.88168334960966,26.684263229370174],[87.92667388916044,26.697187423706055],[87.93649291992205,26.68848800659191],[87.9389724731447,26.701040267944393],[87.92990112304699,26.71545600891119],[87.93810272216808,26.726142883300895],[87.95276641845709,26.72825622558605],[87.95115661621111,26.739316940307617],[87.9603500366211,26.749755859375057],[87.94979095458979,26.766780853271484],[87.95973205566406,26.76777458190918],[87.96730804443388,26.78952217102062],[87.96582031249994,26.776847839355526],[87.98172760009771,26.77771759033203],[87.98396301269548,26.75211715698248],[87.999496459961,26.753234863281364],[88.007080078125,26.779705047607422],[88.0105590820313,26.766780853271484],[88.02870178222668,26.77796554565441],[88.02931976318388,26.766283035278434],[88.04945373535162,26.74503326416027],[88.06970977783214,26.791263580322322],[88.07965087890653,26.782936096191463],[88.09767150878923,26.79921531677246],[88.09928894042997,26.761436462402457],[88.11407470703142,26.74565505981451],[88.12799835205095,26.758329391479776],[88.13396453857428,26.77796554565441],[88.13868713378906,26.765289306640568],[88.14762878417986,26.769018173217887],[88.1573257446289,26.795238494873104],[88.15322113037115,26.805553436279354]]]}},{"type":"Feature","properties":{"district":"Jumla","district_key":"JUMLA","zone":"Karnali","region":"Mid-Western","households":19291,"population":107495,"male_population":53596,"female_population":53899,"sex_ratio":99.4,"area_km2":2554.3,"pop_density":42.1,"literacy_rate":53.98,"female_literacy_rate":40.7,"male_literacy_rate":67.37,"electricity_lighting_pct":29.32,"flush_toilet_pct":33.47,"improved_water_pct":80.18,"school_attendance_pct":66.46,"mobile_phone_hh_pct":46.09,"internet_hh_pct":0.4,"lpg_cooking_pct":0.59,"wood_cooking_pct":98.58,"vdc_count":30},"geometry":{"type":"Polygon","coordinates":[[[82.34765625000006,29.493967056274528],[82.37251281738276,29.491231918334904],[82.3877944946289,29.50179481506359],[82.4125289916995,29.463768005371207],[82.4130249023438,29.45071983337408],[82.43427276611357,29.443386077880916],[82.49802398681635,29.493469238281307],[82.51542663574236,29.42052078247076],[82.54400634765625,29.42064476013195],[82.56040954589844,29.411447525024414],[82.55009460449213,29.380256652832145],[82.56998443603533,29.365343093872127],[82.57681274414062,29.337505340576172],[82.59235382080084,29.326694488525447],[82.59259796142607,29.303081512451286],[82.5587997436524,29.286926269531307],[82.55394744873064,29.265674591064567],[82.5328216552735,29.25001716613781],[82.54214477539062,29.243803024292106],[82.53605651855474,29.236595153808707],[82.54761505126947,29.212114334106445],[82.58414459228521,29.19024085998541],[82.58042144775385,29.17992591857916],[82.57295989990263,29.171600341796818],[82.5164184570313,29.156314849853516],[82.47428894042974,29.16389465332037],[82.4486923217774,29.158054351806697],[82.43626403808611,29.139537811279354],[82.4188613891601,29.136306762695426],[82.41352081298822,29.095668792724666],[82.35436248779325,29.116422653198356],[82.32503509521484,29.109960556030273],[82.30329132080078,29.119653701782283],[82.2875061035158,29.115800857543945],[82.28005218505876,29.127483367919922],[82.26638031005865,29.12139320373541],[82.27159881591825,29.113937377929744],[82.26451873779325,29.1071014404298],[82.23071289062506,29.10561180114746],[82.22164154052729,29.090200424194393],[82.20287322998053,29.08895874023449],[82.20001983642584,29.07305145263672],[82.182373046875,29.061742782592773],[82.16931915283209,29.069198608398438],[82.14968872070324,29.048072814941406],[82.14819335937528,29.032041549682674],[82.12060546875017,29.01439476013178],[82.12557983398438,28.995504379272404],[82.09935760498075,28.982332229614315],[82.0972442626956,28.97437858581543],[82.08021545410162,28.96928215026861],[82.05113983154297,28.981088638305778],[82.04106903076189,29.011909484863395],[82.01348114013678,29.029556274414062],[82.0189514160158,29.091939926147518],[81.94972991943365,29.129222869873047],[81.94587707519548,29.149354934692383],[81.90548706054693,29.157184600830192],[81.8965454101563,29.171600341796818],[81.90946960449236,29.18700981140131],[81.91070556640653,29.2056503295899],[81.87056732177734,29.22565841674816],[81.85167694091814,29.244424819946346],[81.84969329834013,29.266296386718807],[81.88237762451189,29.274126052856445],[81.9092178344726,29.32184791564947],[81.9320831298831,29.332906723022575],[81.92624664306658,29.384605407714957],[81.93270874023455,29.43729782104498],[81.9667587280274,29.446245193481502],[81.98092651367216,29.472963333129996],[82.00801849365229,29.472963333129996],[82.01596832275396,29.46165466308605],[82.04306030273449,29.4827823638916],[82.07872772216808,29.483776092529297],[82.10382843017595,29.45867156982422],[82.13278961181658,29.469856262207145],[82.1444702148438,29.457056045532227],[82.14546203613287,29.429096221923885],[82.16198730468767,29.417537689209098],[82.1859741210937,29.406105041503963],[82.21567535400402,29.406850814819393],[82.22400665283209,29.428474426269645],[82.24177551269537,29.438789367675895],[82.2492294311524,29.43332099914562],[82.26861572265642,29.44500160217285],[82.29633331298834,29.442890167236442],[82.30813598632818,29.47867965698248],[82.30242156982428,29.493967056274528],[82.31173706054688,29.503784179687557],[82.33050537109386,29.508008956909123],[82.34765625000006,29.493967056274528]]]}},{"type":"Feature","properties":{"district":"Kailali","district_key":"KAILALI","zone":"Seti","region":"Far-Western","households":142413,"population":766659,"male_population":370623,"female_population":396036,"sex_ratio":93.6,"area_km2":3286.1,"pop_density":233.3,"literacy_rate":65.9,"female_literacy_rate":56.92,"male_literacy_rate":75.63,"electricity_lighting_pct":70.49,"flush_toilet_pct":32.09,"improved_water_pct":94.14,"school_attendance_pct":69.22,"mobile_phone_hh_pct":65.77,"internet_hh_pct":1.3,"lpg_cooking_pct":6.8,"wood_cooking_pct":85.91,"vdc_count":44},"geometry":{"type":"Polygon","coordinates":[[[80.56283569335938,29.068080902099723],[80.60012054443365,29.047698974609432],[80.61814117431635,29.05888366699213],[80.65827941894537,29.022098541259822],[80.76167297363287,29.00333404541027],[80.76403808593778,28.988048553466797],[80.78429412841814,28.985065460205135],[80.80815124511736,28.96717071533203],[80.80715942382807,28.94480133056652],[80.81822204589838,28.93187713623047],[80.83387756347656,28.936599731445426],[80.83860015869169,28.955736160278263],[80.85662078857422,28.97748565673828],[80.88371276855474,28.967046737671012],[80.88296508789068,28.943931579589844],[80.89626312255876,28.93436241149908],[80.89912414550798,28.942564010620174],[80.9131622314456,28.930881500244197],[80.92981719970703,28.943433761596623],[80.95504760742193,28.935728073120174],[80.96983337402372,28.941320419311637],[81.00885772705084,28.9276504516601],[81.02289581298828,28.919822692871207],[81.05322265625,28.876823425293026],[81.07397460937528,28.876699447631836],[81.0745925903322,28.864768981933594],[81.09087371826178,28.862779617309627],[81.10417175292986,28.844760894775504],[81.12778472900385,28.8515949249267],[81.13114166259771,28.86563873291027],[81.14505767822271,28.872970581054688],[81.15947723388689,28.844263076782283],[81.15475463867193,28.830345153808707],[81.17588043212908,28.834943771362305],[81.2050857543947,28.81667518615734],[81.20843505859403,28.8251247406007],[81.19688415527361,28.832954406738338],[81.20545959472673,28.863525390625114],[81.20793914794939,28.850353240966797],[81.23540496826189,28.829847335815487],[81.23167419433605,28.81667518615734],[81.24398040771501,28.809839248657227],[81.22757720947283,28.795051574707145],[81.24895477294939,28.7805118560791],[81.24882507324224,28.761123657226676],[81.26287078857439,28.745714187622184],[81.25789642334001,28.72993087768566],[81.27417755126959,28.726949691772404],[81.26821136474626,28.704082489013672],[81.28287506103533,28.69501113891613],[81.28946685791027,28.64915466308605],[81.25006866455095,28.59385299682623],[81.16916656494135,28.52313995361328],[81.16233062744158,28.50189018249506],[81.13971710205084,28.49082946777355],[81.1102600097658,28.46112823486328],[81.09310913085955,28.4576473236084],[81.08751678466825,28.43826103210455],[81.06130218505865,28.40980339050293],[81.06912994384771,28.39439201354986],[81.04772186279314,28.409936904907283],[81.03656768798857,28.413282394409237],[81.03411865234403,28.39871597290039],[81.02281951904308,28.410314559936637],[81.01854705810564,28.41563987731945],[81.03560638427746,28.427833557128963],[81.03121948242199,28.438415527343693],[81.02091217041027,28.43167495727539],[81.01469421386719,28.438137054443303],[81.01917266845709,28.45155906677246],[81.00139617919928,28.453920364379826],[80.99093627929693,28.44163894653343],[80.97961425781267,28.442514419555664],[80.9808883666995,28.434310913085994],[80.9669723510745,28.437765121460075],[80.98151397705095,28.455162048339957],[80.96881866455084,28.4569149017334],[80.95341491699247,28.447458267211914],[80.95330810546892,28.45553588867216],[80.93404388427751,28.45851898193382],[80.94422912597662,28.46833610534685],[80.93258666992193,28.458354949951115],[80.91938018798834,28.459636688232706],[80.91611480712908,28.467716217041186],[80.91738891601591,28.457523345947322],[80.90744781494169,28.46572685241722],[80.90311431884783,28.485614776611442],[80.91030883789091,28.49753952026373],[80.8978958129884,28.505599975585938],[80.86332702636724,28.504125595092887],[80.86728668212908,28.48943901062023],[80.84605407714872,28.495420455932617],[80.81722259521513,28.52065467834484],[80.79075622558588,28.524259567260742],[80.79181671142584,28.543516159057617],[80.77124023437511,28.54961013793951],[80.76963043212908,28.565517425537223],[80.74005126953142,28.574216842651367],[80.74030303955084,28.565814971924055],[80.72621917724615,28.574714660644588],[80.71630096435553,28.56789779663086],[80.69192504882841,28.58702850341797],[80.69742584228527,28.603296279907227],[80.67903137207048,28.60429191589367],[80.68127441406244,28.620454788208008],[80.66934204101568,28.64182090759283],[80.65290069580095,28.63389968872093],[80.64321899414068,28.64321517944336],[80.61328887939459,28.63921165466303],[80.60794830322271,28.652259826660156],[80.5914535522461,28.647624969482422],[80.59925079345697,28.65586471557623],[80.58184814453136,28.661209106445312],[80.59204101562517,28.679725646972656],[80.54431915283197,28.696378707885856],[80.5403213500976,28.71587562561041],[80.54991149902361,28.711538314819336],[80.56109619140653,28.722599029541072],[80.5402221679688,28.73763656616211],[80.55848693847673,28.75416564941412],[80.54668426513678,28.751804351806697],[80.5374832153322,28.767585754394645],[80.55152893066435,28.778646469116154],[80.5127563476563,28.815059661865234],[80.52021026611334,28.831090927123967],[80.50939941406278,28.832332611084098],[80.49809265136724,28.85557174682623],[80.50952148437506,28.89732742309576],[80.50479888916044,28.911619186401367],[80.51238250732428,28.921312332153377],[80.48963928222673,28.92429542541504],[80.4832992553711,28.936723709106445],[80.46975708007812,28.938587188720817],[80.49001312255876,28.97748565673828],[80.48740386962896,28.998113632202205],[80.51449584960943,28.99662208557129],[80.53710937500017,29.01389694213873],[80.53587341308605,29.029680252075252],[80.54854583740251,29.038503646850643],[80.54631042480474,29.049314498901367],[80.56283569335938,29.068080902099723]]]}},{"type":"Feature","properties":{"district":"Kalikot","district_key":"KALIKOT","zone":"Karnali","region":"Mid-Western","households":23008,"population":136587,"male_population":68489,"female_population":68098,"sex_ratio":100.6,"area_km2":1650.1,"pop_density":82.8,"literacy_rate":56.71,"female_literacy_rate":45.72,"male_literacy_rate":67.74,"electricity_lighting_pct":11.62,"flush_toilet_pct":20.15,"improved_water_pct":58.98,"school_attendance_pct":72.74,"mobile_phone_hh_pct":29.6,"internet_hh_pct":0.09,"lpg_cooking_pct":1.08,"wood_cooking_pct":97.98,"vdc_count":30},"geometry":{"type":"Polygon","coordinates":[[[81.80805969238287,29.453577041625977],[81.868949890137,29.46053695678711],[81.88659667968756,29.443386077880916],[81.92338562011736,29.444381713867188],[81.93270874023455,29.43729782104498],[81.92624664306658,29.384605407714957],[81.9320831298831,29.332906723022575],[81.9092178344726,29.32184791564947],[81.88237762451189,29.274126052856445],[81.86149597167997,29.27313232421875],[81.84807586669928,29.258716583251953],[81.85167694091814,29.244424819946346],[81.87056732177734,29.22565841674816],[81.91070556640653,29.2056503295899],[81.90946960449236,29.18700981140131],[81.8965454101563,29.171600341796818],[81.90548706054693,29.157184600830192],[81.94587707519548,29.149354934692383],[81.94972991943365,29.129222869873047],[82.0189514160158,29.091939926147518],[82.01348114013678,29.029556274414062],[81.96016693115234,28.985563278198356],[81.92152404785162,28.97760963439947],[81.9118270874024,28.98668098449707],[81.89057922363298,28.98431968688965],[81.86659240722662,28.970897674560547],[81.82086181640636,28.984567642211914],[81.79624938964855,29.004451751708984],[81.79687,29.01352500915533],[81.7738876342774,29.019241333007812],[81.7535018920899,29.010168075561637],[81.73150634765642,29.021726608276424],[81.71771240234403,29.019987106323242],[81.69235992431635,29.0496883392334],[81.65283966064482,29.03999519348156],[81.6324615478515,29.04658126831049],[81.61543273925793,29.03315925598156],[81.60064697265642,29.04533767700201],[81.56547546386747,29.05354118347168],[81.56796264648466,29.089330673217887],[81.54124450683605,29.10884284973156],[81.5673446655274,29.126115798950195],[81.53701782226568,29.136804580688477],[81.52645874023455,29.152709960937614],[81.50085449218744,29.151716232299748],[81.48382568359386,29.20055580139166],[81.48830413818376,29.22541046142578],[81.50135040283209,29.238832473754883],[81.49302673339872,29.26169776916504],[81.46990966796886,29.27188873291027],[81.48569488525396,29.27959442138672],[81.50968170166033,29.31451416015625],[81.52571105957048,29.31513595581049],[81.56025695800787,29.357887268066463],[81.568832397461,29.34782028198248],[81.58511352539074,29.36509513854992],[81.61543273925793,29.370687484741154],[81.6365585327149,29.364349365234432],[81.64550781250006,29.355525970459098],[81.64948272705095,29.32135009765625],[81.69273376464838,29.320480346679744],[81.7050399780274,29.33054542541504],[81.73175811767584,29.335144042968807],[81.7500228881836,29.329551696777344],[81.75151824951189,29.366460800171012],[81.77065277099615,29.392061233520565],[81.79116058349604,29.388954162597713],[81.80805969238287,29.453577041625977]]]}},{"type":"Feature","properties":{"district":"Kanchanpur","district_key":"KANCHANPUR","zone":"Mahakali","region":"Far-Western","households":82134,"population":448503,"male_population":213383,"female_population":235120,"sex_ratio":90.8,"area_km2":1617.7,"pop_density":277.2,"literacy_rate":70.47,"female_literacy_rate":61.01,"male_literacy_rate":81.09,"electricity_lighting_pct":75.19,"flush_toilet_pct":34.42,"improved_water_pct":96.88,"school_attendance_pct":72.22,"mobile_phone_hh_pct":64.3,"internet_hh_pct":1.01,"lpg_cooking_pct":7.73,"wood_cooking_pct":82.02,"vdc_count":20},"geometry":{"type":"Polygon","coordinates":[[[80.21325683593767,29.057268142700195],[80.22357177734375,29.056772232055778],[80.23040771484392,29.04521369934082],[80.25836944580107,29.05279541015625],[80.27414703369146,29.04583549499523],[80.30248260498047,29.058511734008903],[80.34983062744158,29.054037094116325],[80.356918334961,29.044467926025504],[80.38909912109392,29.047077178955135],[80.42191314697283,29.02644920349121],[80.46105957031256,29.037509918212947],[80.47062683105474,29.018743515014762],[80.47982025146513,29.017997741699276],[80.47360992431658,28.99649810791027],[80.48740386962896,28.998113632202205],[80.49163055419933,28.98469352722168],[80.46975708007812,28.938587188720817],[80.4832992553711,28.936723709106445],[80.48963928222673,28.92429542541504],[80.51238250732428,28.921312332153377],[80.50479888916044,28.911619186401367],[80.50952148437506,28.89732742309576],[80.49809265136724,28.85557174682623],[80.50939941406278,28.832332611084098],[80.52021026611334,28.831090927123967],[80.5127563476563,28.815059661865234],[80.55152893066435,28.778646469116154],[80.53872680664068,28.771190643310547],[80.54270172119146,28.7562770843507],[80.55848693847673,28.75416564941412],[80.53997039794939,28.739252090454045],[80.56109619140653,28.722599029541072],[80.54991149902361,28.711538314819336],[80.5403213500976,28.71587562561041],[80.54431915283197,28.696378707885856],[80.55587768554693,28.69066047668457],[80.54161834716825,28.690538406372127],[80.50518798828153,28.665225982666072],[80.52331542968778,28.57682609558117],[80.53199005126953,28.573425292968864],[80.52441406250006,28.552715301513956],[80.48280334472662,28.585277557373104],[80.47025299072271,28.582916259765682],[80.46590423584013,28.615102767944393],[80.45281982421892,28.628814697265625],[80.41641998291021,28.639114379882812],[80.37804412841814,28.62827491760254],[80.36091613769537,28.637014389038143],[80.36238098144548,28.644929885864315],[80.32758331298834,28.666303634643498],[80.31851959228533,28.70011520385748],[80.29541778564447,28.711315155029297],[80.27922058105486,28.70991516113304],[80.25790405273438,28.729335784912394],[80.26679992675776,28.743505477905387],[80.25228881835966,28.757822036743164],[80.21772766113293,28.755283355713004],[80.17298889160173,28.782001495361442],[80.11980438232439,28.828729629516772],[80.07671356201178,28.824382781982592],[80.06633758544916,28.837285995483455],[80.0601425170899,28.916316986083984],[80.10190582275396,28.98643302917486],[80.11955261230463,28.981710433960018],[80.12851715087885,29.00591468811035],[80.13732147216814,29.007310867309627],[80.12625885009783,29.013002395629883],[80.13821411132841,29.05891609191906],[80.13011932373053,29.060997009277344],[80.14602661132841,29.103000640869254],[80.186019897461,29.137315750122013],[80.18753051757818,29.087219238281307],[80.21276092529303,29.067335128784237],[80.21325683593767,29.057268142700195]]]}},{"type":"Feature","properties":{"district":"Kapilbastu","district_key":"KAPILBASTU","zone":"Lumbini","region":"West","households":91264,"population":569834,"male_population":283639,"female_population":286195,"sex_ratio":99.1,"area_km2":1650.4,"pop_density":345.3,"literacy_rate":54.74,"female_literacy_rate":44.94,"male_literacy_rate":64.69,"electricity_lighting_pct":63.73,"flush_toilet_pct":23.67,"improved_water_pct":95.6,"school_attendance_pct":55.83,"mobile_phone_hh_pct":51.56,"internet_hh_pct":0.49,"lpg_cooking_pct":7.29,"wood_cooking_pct":54.31,"vdc_count":78},"geometry":{"type":"Polygon","coordinates":[[[83.01799011230486,27.809934616088867],[83.05452728271496,27.75649642944336],[83.09205627441412,27.77128410339361],[83.09541320800781,27.7828426361084],[83.10237121582037,27.76892280578619],[83.12361907959013,27.7615909576416],[83.12883758544939,27.76867485046398],[83.18774414062517,27.75388717651373],[83.214340209961,27.75910568237316],[83.21744537353544,27.72691917419445],[83.23111724853521,27.695104598999023],[83.2226638793947,27.645519256591854],[83.23335266113298,27.607492446899414],[83.20638275146513,27.560516357421875],[83.23497009277355,27.514038085937557],[83.2209243774414,27.4796142578125],[83.22925567626982,27.468803405761776],[83.2189407348634,27.44369888305664],[83.23335266113298,27.43052673339872],[83.2237854003908,27.418222427368107],[83.1902160644533,27.454015731811523],[83.03611755371111,27.448715209960938],[82.95622253417986,27.467807769775504],[82.93161773681658,27.50086593627924],[82.80361175537126,27.49639129638672],[82.73700714111322,27.503101348877237],[82.73971557617205,27.518215179443303],[82.75141906738287,27.522613525390682],[82.74011230468767,27.55194091796875],[82.74906158447283,27.554924011230582],[82.75788116455084,27.58661460876465],[82.73687744140642,27.609479904174805],[82.73281097412104,27.623882293701115],[82.73961639404303,27.6405487060548],[82.71375274658203,27.664936065673828],[82.720230102539,27.687274932861328],[82.707817077637,27.702714920044002],[82.71028900146513,27.724557876587085],[82.69810485839838,27.75649642944336],[82.72495269775419,27.75835990905773],[82.73712921142584,27.77588272094738],[82.80001068115251,27.773645401001033],[82.8062286376956,27.794897079467773],[82.90079498291027,27.793529510498104],[82.931869506836,27.784208297729492],[82.96268463134783,27.79539299011242],[82.99897003173834,27.792907714843807],[83.021713256836,27.820497512817383],[83.01799011230486,27.809934616088867]]]}},{"type":"Feature","properties":{"district":"Kaski","district_key":"KASKI","zone":"Gandaki","region":"West","households":125459,"population":480952,"male_population":228074,"female_population":252878,"sex_ratio":90.2,"area_km2":2086.0,"pop_density":230.6,"literacy_rate":82.0,"female_literacy_rate":75.12,"male_literacy_rate":89.79,"electricity_lighting_pct":95.46,"flush_toilet_pct":92.46,"improved_water_pct":93.46,"school_attendance_pct":74.68,"mobile_phone_hh_pct":84.28,"internet_hh_pct":8.56,"lpg_cooking_pct":61.12,"wood_cooking_pct":32.51,"vdc_count":45},"geometry":{"type":"Polygon","coordinates":[[[83.93835449218756,28.601432800293026],[83.9659500122072,28.605161666870174],[83.99166870117182,28.58428382873541],[84.0155334472658,28.58701705932623],[84.03268432617188,28.572601318359432],[84.06188964843767,28.563280105590877],[84.08736419677746,28.538301467895565],[84.13943481445324,28.539171218872013],[84.1639175415039,28.512453079223746],[84.18727874755865,28.505990982055607],[84.19125366210943,28.48896598815918],[84.26383209228544,28.48188209533697],[84.28085327148455,28.470697402954045],[84.2684326171875,28.451435089111442],[84.25065612792997,28.443605422973746],[84.24693298339844,28.423969268798942],[84.2317657470706,28.415767669677848],[84.2161102294923,28.39190673828125],[84.22033691406278,28.36021804809576],[84.1892700195312,28.291866302490234],[84.2135009765625,28.264030456543082],[84.21250915527372,28.21183395385748],[84.19287109375028,28.19543075561529],[84.22083282470709,28.17939949035656],[84.21548461914068,28.17243957519537],[84.2306518554687,28.14062690734869],[84.21946716308594,28.12360000610363],[84.22816467285185,28.095764160156307],[84.16056060791021,28.09700584411621],[84.14601898193376,28.106203079223576],[84.10786437988298,28.110303878784123],[84.07183074951189,28.077495574951172],[84.06039428710938,28.088058471679688],[84.04933166503906,28.08420562744152],[84.03976440429705,28.09141349792492],[84.04399108886719,28.094768524170036],[84.0279617309572,28.095888137817496],[84.02920532226591,28.105207443237305],[84.01454162597685,28.105331420898494],[84.0170211791995,28.110303878784123],[84.00099182128935,28.12148857116705],[84.0045928955081,28.130931854248104],[83.98222351074224,28.14323616027832],[83.93276214599626,28.14360809326172],[83.92555999755865,28.149574279785213],[83.9256820678711,28.168214797973633],[83.89274597167974,28.194561004638615],[83.85807800292974,28.193815231323356],[83.8383178710937,28.21245574951172],[83.81867980957031,28.210218429565543],[83.80041503906267,28.22836303710949],[83.82464599609375,28.25147819519043],[83.82241058349615,28.260301589965934],[83.76773071289091,28.273723602294865],[83.77655029296892,28.285156250000057],[83.7635040283206,28.292240142822266],[83.77680206298834,28.309141159057674],[83.72821044921886,28.348783493041992],[83.72063446044916,28.367797851562614],[83.72485351562517,28.375255584716797],[83.70261383056646,28.398368835449162],[83.76164245605463,28.394144058227596],[83.75927734375006,28.40532875061035],[83.74735260009766,28.40259552001953],[83.73392486572277,28.420366287231445],[83.75555419921875,28.45826911926281],[83.75431060791021,28.47181510925293],[83.77456665039091,28.480266571045036],[83.80364227294939,28.515310287475643],[83.83073425292986,28.534200668335018],[83.80327606201189,28.57670211791998],[83.81134796142584,28.58962631225586],[83.87361145019531,28.613115310669002],[83.93835449218756,28.601432800293026]]]}},{"type":"Feature","properties":{"district":"Kathmandu","district_key":"KATHMANDU","zone":"Bagmati","region":"Central","households":435544,"population":1699289,"male_population":879709,"female_population":819580,"sex_ratio":107.3,"area_km2":414.2,"pop_density":4102.8,"literacy_rate":86.05,"female_literacy_rate":79.62,"male_literacy_rate":92.07,"electricity_lighting_pct":98.12,"flush_toilet_pct":88.57,"improved_water_pct":76.68,"school_attendance_pct":72.77,"mobile_phone_hh_pct":90.73,"internet_hh_pct":19.37,"lpg_cooking_pct":88.43,"wood_cooking_pct":7.63,"vdc_count":59},"geometry":{"type":"Polygon","coordinates":[[[85.45101928710955,27.817390441894474],[85.47003173828153,27.797008514404354],[85.47562408447283,27.77774620056158],[85.5341567993164,27.791790008544922],[85.56795501709001,27.764200210571403],[85.56609344482428,27.754632949829215],[85.54049682617188,27.754507064819393],[85.52732086181658,27.725179672241325],[85.47823333740263,27.71598243713379],[85.4414443969726,27.727788925170955],[85.42330169677763,27.7234401702882],[85.38713836669939,27.692371368408203],[85.35930633544928,27.68242835998535],[85.35433197021501,27.66776466369629],[85.32885742187511,27.685909271240234],[85.3048706054687,27.691127777099666],[85.29393768310553,27.672611236572322],[85.29915618896479,27.66055679321289],[85.28473663330084,27.64440155029297],[85.297416687012,27.626506805420036],[85.29393768310553,27.597177505493164],[85.28212738037121,27.595188140869197],[85.28734588623047,27.5857448577882],[85.26882934570307,27.570333480834904],[85.24485015869158,27.577915191650334],[85.2381362915039,27.619298934936637],[85.22409057617193,27.628618240356445],[85.235404968262,27.6496200561524],[85.19091033935553,27.681186676025447],[85.1996078491211,27.716232299804744],[85.22384643554705,27.727912902832145],[85.21588897705084,27.736860275268555],[85.25317382812528,27.74866676330572],[85.2692031860351,27.745311737060604],[85.26969909667974,27.76358032226574],[85.25392150878935,27.773769378662223],[85.29977416992205,27.811922073364258],[85.3738403320313,27.808938980102596],[85.39397430419939,27.8170166015625],[85.4229278564456,27.809312820434627],[85.45101928710955,27.817390441894474]]]}},{"type":"Feature","properties":{"district":"Kavrepalanchok","district_key":"KAVREPALANCHOK","zone":"Bagmati","region":"Central","households":80651,"population":375221,"male_population":177546,"female_population":197675,"sex_ratio":89.8,"area_km2":1391.9,"pop_density":269.6,"literacy_rate":69.26,"female_literacy_rate":60.66,"male_literacy_rate":78.97,"electricity_lighting_pct":87.31,"flush_toilet_pct":57.91,"improved_water_pct":85.59,"school_attendance_pct":72.98,"mobile_phone_hh_pct":66.75,"internet_hh_pct":2.04,"lpg_cooking_pct":16.07,"wood_cooking_pct":78.23,"vdc_count":90},"geometry":{"type":"Polygon","coordinates":[[[85.55229949951189,27.75662040710455],[85.56957244873075,27.744565963745174],[85.60586547851562,27.74854278564453],[85.61592864990263,27.732883453369197],[85.66812133789068,27.71212959289562],[85.68154144287138,27.700572967529297],[85.70838928222662,27.641418457031307],[85.70764160156256,27.656082153320312],[85.72702789306658,27.662048339843807],[85.73696899414068,27.676464080810604],[85.79389190673857,27.664781570434627],[85.81488800048857,27.668758392333984],[85.82421112060575,27.65533828735363],[85.8211059570313,27.642786026000977],[85.8445892333985,27.625885009765568],[85.86932373046875,27.628742218017635],[85.88336181640653,27.614326477050838],[85.84881591796903,27.57878494262701],[85.82942962646501,27.57617568969738],[85.83092498779291,27.54647445678711],[85.82122802734392,27.517517089843864],[85.80010223388678,27.49999618530279],[85.81650543212896,27.472904205322322],[85.81227874755876,27.454387664794922],[85.82383728027372,27.45078277587902],[85.80544281005865,27.43848037719738],[85.79326629638678,27.443202972412223],[85.77574157714855,27.39796638488781],[85.7295150756836,27.411760330200195],[85.7180786132813,27.407287597656364],[85.69869232177746,27.372365951538086],[85.70639801025408,27.34564781188959],[85.6916122436524,27.336824417114258],[85.68241119384771,27.344902038574332],[85.65308380126959,27.333219528198356],[85.63916778564459,27.35285568237299],[85.61418914794933,27.34266471862793],[85.56012725830095,27.33980751037609],[85.53552246093767,27.356458663940487],[85.51576232910162,27.350370407104606],[85.50607299804716,27.356832504272518],[85.51253509521496,27.364662170410213],[85.50382995605469,27.372365951538086],[85.4809646606447,27.376716613769588],[85.47997283935541,27.401943206787166],[85.45139312744158,27.387279510498104],[85.43473815917997,27.410020828247013],[85.42243194580078,27.402441024780387],[85.41162109375006,27.417104721069393],[85.41348266601568,27.438230514526424],[85.42057037353521,27.44295310974121],[85.41286468505876,27.446184158325252],[85.44878387451178,27.479242324829215],[85.44094848632818,27.540260314941406],[85.40802001953153,27.543117523193416],[85.39061737060553,27.5600204467774],[85.40441131591825,27.570831298828125],[85.40528106689459,27.600160598754996],[85.42057037353521,27.619794845581055],[85.4562377929688,27.635578155517578],[85.46679687500028,27.625635147094783],[85.47872924804693,27.644153594970703],[85.49501037597685,27.651981353759766],[85.5053253173831,27.689016342163086],[85.52359008789074,27.694110870361328],[85.52744293212919,27.73636436462408],[85.54049682617188,27.754507064819393],[85.55229949951189,27.75662040710455]]]}},{"type":"Feature","properties":{"district":"Khotang","district_key":"KHOTANG","zone":"Sagarmatha","region":"East","households":42647,"population":205225,"male_population":96069,"female_population":109156,"sex_ratio":88.0,"area_km2":1589.7,"pop_density":129.1,"literacy_rate":68.66,"female_literacy_rate":61.07,"male_literacy_rate":77.42,"electricity_lighting_pct":31.09,"flush_toilet_pct":14.97,"improved_water_pct":80.03,"school_attendance_pct":76.24,"mobile_phone_hh_pct":40.99,"internet_hh_pct":0.3,"lpg_cooking_pct":0.71,"wood_cooking_pct":98.14,"vdc_count":76},"geometry":{"type":"Polygon","coordinates":[[[86.83480072021501,27.43127250671398],[86.90850067138678,27.433135986328182],[86.91284942626959,27.407287597656364],[86.93310546875006,27.384296417236442],[86.92626953125028,27.370378494262695],[86.93397521972673,27.357080459594783],[86.94925689697283,27.35148811340332],[86.95112609863281,27.335954666137752],[86.98778533935564,27.307992935180664],[86.96814727783203,27.295440673828182],[86.96802520751964,27.284255981445426],[86.95075225830095,27.2658634185791],[86.92005920410173,27.267976760864258],[86.89756011962908,27.249460220336914],[86.93074035644548,27.22286415100109],[86.932113647461,27.202857971191406],[86.91520690917997,27.16930389404297],[86.92514801025419,27.15575790405279],[86.91955566406256,27.128665924072322],[86.89718627929705,27.11462211608898],[86.92614746093767,27.091259002685604],[86.94889068603521,27.085418701171932],[86.96715545654314,27.057704925537166],[86.9471511840822,27.020050048828182],[86.96964263916033,27.0071258544923],[86.96740722656256,26.989727020263672],[86.95944976806652,26.98513031005865],[86.97486114501959,26.97369575500494],[86.97547912597685,26.95691871643072],[86.9539794921875,26.904228210449276],[86.93385314941412,26.90733337402355],[86.91632843017584,26.895404815673885],[86.8647537231447,26.894783020019645],[86.83965301513678,26.88310050964367],[86.83704376220697,26.874898910522575],[86.80932617187506,26.872289657592773],[86.78223419189459,26.887451171875057],[86.7740325927735,26.884965896606445],[86.76334381103521,26.923862457275504],[86.76682281494169,26.957416534423942],[86.74942779541021,27.02452468872076],[86.72917175292974,27.039188385009822],[86.70170593261724,27.09275054931652],[86.67125701904325,27.1197185516358],[86.58364868164068,27.15215301513672],[86.53604888916044,27.1350040435791],[86.52076721191435,27.11598968505865],[86.49528503417986,27.104681015014705],[86.48621368408209,27.109279632568303],[86.46769714355474,27.102071762085075],[86.4475708007812,27.13264274597168],[86.42892456054705,27.13276672363287],[86.44955444335943,27.163835525512695],[86.46695709228521,27.166320800781307],[86.49354553222656,27.186452865600586],[86.52896881103544,27.193288803100586],[86.5594100952149,27.226469039916992],[86.58898925781256,27.22360992431652],[86.60030364990263,27.23442268371582],[86.62242126464855,27.235416412353516],[86.63696289062494,27.256170272827262],[86.67038726806658,27.268224716186523],[86.67523956298834,27.288356781005973],[86.66964721679688,27.297180175781307],[86.68828582763672,27.30923461914074],[86.68070220947283,27.342912673950195],[86.68356323242205,27.390386581420955],[86.75415039062506,27.39423751831049],[86.77365875244146,27.41138839721691],[86.79106140136747,27.407163619995174],[86.80622100830084,27.41511726379406],[86.82187652587896,27.438852310180664],[86.83480072021501,27.43127250671398]]]}},{"type":"Feature","properties":{"district":"Lalitpur","district_key":"LALITPUR","zone":"Bagmati","region":"Central","households":109505,"population":457606,"male_population":230910,"female_population":226696,"sex_ratio":101.9,"area_km2":395.5,"pop_density":1157.1,"literacy_rate":82.25,"female_literacy_rate":74.46,"male_literacy_rate":89.94,"electricity_lighting_pct":96.59,"flush_toilet_pct":83.59,"improved_water_pct":79.28,"school_attendance_pct":71.9,"mobile_phone_hh_pct":86.24,"internet_hh_pct":16.34,"lpg_cooking_pct":77.18,"wood_cooking_pct":17.86,"vdc_count":42},"geometry":{"type":"Polygon","coordinates":[[[85.34587860107416,27.671493530273438],[85.36328125000017,27.668882369995174],[85.36315917968756,27.66105461120611],[85.42057037353521,27.619794845581055],[85.40528106689459,27.600160598754996],[85.40441131591825,27.570831298828125],[85.39061737060553,27.5600204467774],[85.40802001953153,27.543117523193416],[85.44094848632818,27.540260314941406],[85.44480133056646,27.530567169189567],[85.44878387451178,27.479242324829215],[85.41286468505876,27.446184158325252],[85.42057037353521,27.44295310974121],[85.41286468505876,27.433012008666935],[85.41646575927734,27.404552459716797],[85.38639831542974,27.40803337097168],[85.37098693847662,27.424064636230582],[85.31767272949219,27.435995101928768],[85.31555938720697,27.444692611694336],[85.29530334472685,27.452274322509766],[85.26821136474638,27.4538898468017],[85.24969482421886,27.476259231567383],[85.2499389648437,27.496267318725643],[85.23627471923828,27.504716873169002],[85.25329589843756,27.528205871582145],[85.23378753662126,27.53690528869629],[85.25627899169939,27.569091796875],[85.28734588623047,27.5857448577882],[85.28212738037121,27.595188140869197],[85.29641723632818,27.603267669677848],[85.297416687012,27.626506805420036],[85.28473663330084,27.64440155029297],[85.29915618896479,27.66055679321289],[85.29393768310553,27.672611236572322],[85.3048706054687,27.691127777099666],[85.32885742187511,27.685909271240234],[85.34587860107416,27.671493530273438]]]}},{"type":"Feature","properties":{"district":"Lamjung","district_key":"LAMJUNG","zone":"Gandaki","region":"West","households":42048,"population":166150,"male_population":74495,"female_population":91655,"sex_ratio":81.3,"area_km2":1663.8,"pop_density":99.9,"literacy_rate":70.83,"female_literacy_rate":63.27,"male_literacy_rate":80.36,"electricity_lighting_pct":76.82,"flush_toilet_pct":59.0,"improved_water_pct":89.2,"school_attendance_pct":75.43,"mobile_phone_hh_pct":71.12,"internet_hh_pct":1.25,"lpg_cooking_pct":19.02,"wood_cooking_pct":69.58,"vdc_count":61},"geometry":{"type":"Polygon","coordinates":[[[84.46241760253906,28.499900817871094],[84.4928665161134,28.46150016784668],[84.55289459228521,28.47131729125971],[84.57028961181646,28.482627868652457],[84.58520507812528,28.476909637451172],[84.6007385253908,28.45193099975586],[84.62372589111357,28.44919776916504],[84.64137268066406,28.436769485473633],[84.67803192138678,28.387060165405217],[84.67853546142595,28.376249313354492],[84.6970520019533,28.36083984375],[84.68263244628912,28.34269523620611],[84.6715698242188,28.342073440551815],[84.64870452880888,28.292985916137695],[84.65367889404325,28.26427841186529],[84.63516235351591,28.229854583740178],[84.64249420166033,28.204875946044922],[84.63590240478521,28.190210342407283],[84.61403656005854,28.17219161987316],[84.60334777832026,28.151811599731445],[84.55848693847685,28.1245956420899],[84.54369354248064,28.099988937378043],[84.49249267578153,28.085449218750057],[84.48429107666044,28.055374145507926],[84.44577026367216,28.10421371459961],[84.39779663085955,28.129566192626953],[84.3318099975586,28.12397384643566],[84.31167602539091,28.107072830200252],[84.23400878906256,28.078737258911076],[84.21946716308594,28.12360000610363],[84.2306518554687,28.14062690734869],[84.21548461914068,28.17243957519537],[84.22083282470709,28.17939949035656],[84.19287109375028,28.19543075561529],[84.20741271972673,28.20313644409191],[84.21486663818376,28.22886085510254],[84.2135009765625,28.264030456543082],[84.1892700195312,28.291866302490234],[84.22033691406278,28.36021804809576],[84.21897125244152,28.396381378173828],[84.24693298339844,28.423969268798942],[84.25065612792997,28.443605422973746],[84.27116394042974,28.456405639648438],[84.29029846191418,28.444847106933707],[84.37641906738298,28.453796386718807],[84.37518310546886,28.46087837219244],[84.40028381347656,28.456405639648438],[84.41793060302763,28.47131729125971],[84.41929626464838,28.49070549011236],[84.43458557128923,28.509967803955135],[84.46241760253906,28.499900817871094]]]}},{"type":"Feature","properties":{"district":"Mahottari","district_key":"MAHOTTARI","zone":"Janakpur","region":"Central","households":111298,"population":625207,"male_population":308732,"female_population":316475,"sex_ratio":97.6,"area_km2":1000.9,"pop_density":624.7,"literacy_rate":46.22,"female_literacy_rate":36.54,"male_literacy_rate":56.2,"electricity_lighting_pct":63.2,"flush_toilet_pct":15.41,"improved_water_pct":90.62,"school_attendance_pct":51.44,"mobile_phone_hh_pct":51.0,"internet_hh_pct":0.22,"lpg_cooking_pct":3.0,"wood_cooking_pct":56.36,"vdc_count":77},"geometry":{"type":"Polygon","coordinates":[[[85.86174011230474,27.129783630371037],[85.88523101806652,27.14606475830078],[85.907974243164,27.133512496948356],[85.90809631347662,27.119220733642578],[85.93916320800787,27.09647941589361],[85.93717193603516,27.07659530639654],[85.94761657714872,27.061309814453068],[85.93431854248047,27.04266738891613],[85.91629791259771,27.037200927734432],[85.92934417724604,27.029371261596793],[85.91443634033232,27.009984970092773],[85.9089660644533,26.959529876709098],[85.92039489746094,26.958038330078182],[85.91928100585955,26.948345184326172],[85.89740753173834,26.877260208129996],[85.91902923584013,26.871046066284293],[85.92214202880876,26.84656524658203],[85.91008758544922,26.78430366516119],[85.88212585449224,26.751743316650447],[85.89566802978521,26.72129631042486],[85.88920593261724,26.69805717468273],[85.90809631347662,26.681653976440543],[85.8992691040039,26.668355941772404],[85.90821838378923,26.664131164550838],[85.90772247314459,26.653318405151367],[85.86534881591803,26.62722206115734],[85.85562133789068,26.604701995849666],[85.83353424072277,26.610940933227596],[85.83262634277372,26.601251602172965],[85.81982421875028,26.602523803710994],[85.80221557617193,26.624362945556697],[85.7491531372072,26.6396484375],[85.73461914062517,26.654315948486385],[85.73871612548834,26.66361618042015],[85.72581481933622,26.673944473266715],[85.7257843017581,26.69930076599121],[85.73635101318376,26.737203598022404],[85.73102569580095,26.7497501373291],[85.7367172241211,26.795616149902287],[85.7233200073245,26.820014953613395],[85.68254089355469,26.84296035766613],[85.67843627929693,26.864086151123104],[85.71211242675781,26.904352188110465],[85.70789337158197,26.919761657714957],[85.73287200927763,26.963380813598633],[85.75002288818388,27.03421783447277],[85.78394317626964,27.07324028015148],[85.78879547119158,27.0922527313233],[85.79985046386719,27.094366073608455],[85.79550170898455,27.136991500854435],[85.83203887939482,27.167190551757812],[85.8458328247072,27.159608840942383],[85.83812713623075,27.146560668945426],[85.86174011230474,27.129783630371037]]]}},{"type":"Feature","properties":{"district":"Makwanpur","district_key":"MAKWANPUR","zone":"Narayani","region":"Central","households":86045,"population":415601,"male_population":202083,"female_population":213518,"sex_ratio":94.6,"area_km2":2450.5,"pop_density":169.6,"literacy_rate":67.5,"female_literacy_rate":60.55,"male_literacy_rate":74.91,"electricity_lighting_pct":72.59,"flush_toilet_pct":43.97,"improved_water_pct":80.9,"school_attendance_pct":65.94,"mobile_phone_hh_pct":66.74,"internet_hh_pct":2.37,"lpg_cooking_pct":18.86,"wood_cooking_pct":75.09,"vdc_count":44},"geometry":{"type":"Polygon","coordinates":[[[85.10230255126982,27.70877456665039],[85.12255859375017,27.683298110962028],[85.14543151855469,27.670623779296932],[85.19091033935553,27.681186676025447],[85.235404968262,27.6496200561524],[85.22409057617193,27.628618240356445],[85.2381362915039,27.619298934936637],[85.24198913574236,27.580898284912166],[85.26535034179716,27.570583343505916],[85.25627899169939,27.569091796875],[85.23378753662126,27.53690528869629],[85.25329589843756,27.528205871582145],[85.23627471923828,27.504716873169002],[85.2499389648437,27.496267318725643],[85.24658966064459,27.486574172973633],[85.26038360595714,27.458736419677734],[85.37098693847662,27.424064636230582],[85.38639831542974,27.40803337097168],[85.3970794677735,27.41089057922369],[85.4081420898438,27.402812957763786],[85.42094421386724,27.40803337097168],[85.42243194580078,27.402441024780387],[85.43473815917997,27.410020828247013],[85.45139312744158,27.387279510498104],[85.47997283935541,27.401943206787166],[85.48307800292986,27.384918212890682],[85.4720230102539,27.360187530517635],[85.45114135742216,27.349374771118107],[85.44940185546886,27.33495903015148],[85.42914581298834,27.330858230590934],[85.4216918945313,27.31880378723156],[85.44256591796903,27.281770706176815],[85.48581695556646,27.266733169555778],[85.49414062500017,27.249336242675895],[85.49388885498041,27.220006942749023],[85.50607299804716,27.221994400024414],[85.50370788574224,27.207828521728572],[85.5126571655274,27.19825935363781],[85.49028778076172,27.197885513305778],[85.49463653564482,27.18682479858404],[85.48283386230463,27.180114746093864],[85.49600219726562,27.16930389404297],[85.47487640380876,27.16159820556652],[85.45946502685553,27.165822982788086],[85.45064544677751,27.186328887939567],[85.40155792236357,27.196269989013672],[85.39546966552729,27.210065841674805],[85.3619155883789,27.21056175231945],[85.35097503662121,27.221870422363395],[85.29530334472685,27.232683181762695],[85.26410675048845,27.226345062255973],[85.24521636962908,27.248340606689453],[85.23390960693388,27.243122100830192],[85.17948150634771,27.249336242675895],[85.1832046508789,27.25430679321289],[85.15822601318376,27.261886596679744],[85.14704132080084,27.28264045715332],[85.12865447998047,27.292583465576115],[85.11846160888678,27.317934036254883],[85.10628509521513,27.31979942321783],[85.08925628662115,27.360685348510856],[85.05893707275396,27.365406036377067],[85.02674865722685,27.358448028564453],[85.0236434936524,27.35186195373535],[85.00624084472673,27.35260772705078],[85.0013961791995,27.36515808105463],[84.97492218017578,27.35496711730957],[84.95590972900396,27.366401672363338],[84.9469604492188,27.360063552856445],[84.92844390869146,27.363916397094727],[84.91030120849626,27.377088546753043],[84.90346527099615,27.374479293823242],[84.87886047363287,27.39734458923334],[84.85413360595732,27.39834022521984],[84.84257507324236,27.414495468139762],[84.8125,27.415737152099723],[84.79335784912126,27.43736076354992],[84.75744628906278,27.435497283935547],[84.72824096679716,27.444444656372127],[84.72116088867193,27.43102264404297],[84.666976928711,27.429283142089844],[84.66996002197283,27.444444656372127],[84.69419097900408,27.459234237670955],[84.68822479248041,27.462341308593807],[84.6989135742187,27.47514152526867],[84.68288421630854,27.51304435729986],[84.68213653564453,27.551321029663086],[84.69269561767584,27.563747406005973],[84.71071624755888,27.560640335083065],[84.73308563232439,27.581768035888672],[84.7404174804688,27.603391647338867],[84.71954345703142,27.63818740844721],[84.73371124267584,27.655586242675895],[84.75458526611357,27.6496200561524],[84.76937866210943,27.656332015991325],[84.77210998535185,27.667888641357536],[84.79435729980474,27.686655044555664],[84.80230712890625,27.671243667602596],[84.83151245117205,27.692247390747127],[84.88085174560575,27.668758392333984],[84.91055297851568,27.698335647583065],[84.95367431640636,27.68317413330078],[84.99306488037126,27.707656860351676],[85.01568603515653,27.7071590423584],[85.03295898437506,27.69746589660639],[85.04078674316412,27.705543518066463],[85.04489135742216,27.69001007080078],[85.05632019042997,27.69970321655279],[85.06328582763678,27.694358825683537],[85.07832336425798,27.70889854431158],[85.10230255126982,27.70877456665039]]]}},{"type":"Feature","properties":{"district":"Manang","district_key":"MANANG","zone":"Gandaki","region":"West","households":1448,"population":5827,"male_population":3015,"female_population":2812,"sex_ratio":107.2,"area_km2":2322.1,"pop_density":2.5,"literacy_rate":72.01,"female_literacy_rate":63.33,"male_literacy_rate":80.01,"electricity_lighting_pct":88.88,"flush_toilet_pct":47.65,"improved_water_pct":97.58,"school_attendance_pct":67.06,"mobile_phone_hh_pct":66.51,"internet_hh_pct":1.31,"lpg_cooking_pct":1.59,"wood_cooking_pct":97.93,"vdc_count":13},"geometry":{"type":"Polygon","coordinates":[[[84.18653106689459,28.900186538696573],[84.25600433349638,28.89011955261236],[84.26771545410173,28.897714614868278],[84.28955841064482,28.877071380615234],[84.32571411132818,28.862514495849553],[84.34523010253918,28.87284660339367],[84.35914611816412,28.859300613403548],[84.37741851806646,28.864271163940543],[84.41109466552729,28.853418350219783],[84.4027709960938,28.83009719848627],[84.4210205078125,28.8314151763916],[84.43740844726557,28.820787429809627],[84.43421936035173,28.801414489746094],[84.44750213623075,28.79302215576172],[84.43869018554699,28.769226074218977],[84.45421600341814,28.7646160125733],[84.46254730224638,28.751182556152457],[84.48255157470709,28.74695777893089],[84.49398803710943,28.734653472900447],[84.48404693603521,28.71825027465826],[84.50355529785185,28.69849014282221],[84.52219390869146,28.694389343261662],[84.51473999023443,28.673511505127124],[84.52430725097662,28.663196563720646],[84.52095031738276,28.651763916015682],[84.5336303710938,28.64617156982422],[84.54493713378935,28.627157211303825],[84.54357147216803,28.598201751708984],[84.57277679443371,28.509843826293945],[84.56382751464872,28.476289749145508],[84.4928665161134,28.46150016784668],[84.46241760253906,28.499900817871094],[84.43458557128923,28.509967803955135],[84.41929626464838,28.49070549011236],[84.41793060302763,28.47131729125971],[84.40028381347656,28.456405639648438],[84.37518310546886,28.46087837219244],[84.37641906738298,28.453796386718807],[84.28098297119169,28.446960449218864],[84.27116394042974,28.456405639648438],[84.28085327148455,28.470697402954045],[84.2686767578125,28.480142593383846],[84.19125366210943,28.48896598815918],[84.18727874755865,28.505990982055607],[84.1639175415039,28.512453079223746],[84.13943481445324,28.539171218872013],[84.08736419677746,28.538301467895565],[84.06188964843767,28.563280105590877],[84.03268432617188,28.572601318359432],[84.0155334472658,28.58701705932623],[83.99166870117182,28.58428382873541],[83.9659500122072,28.605161666870174],[83.94382476806658,28.600934982299805],[83.87361145019531,28.613115310669002],[83.85186004638666,28.653627395629883],[83.79134368896496,28.693145751953182],[83.81520080566435,28.714273452758732],[83.84726715087919,28.726949691772404],[83.86615753173822,28.722599029541072],[83.8932495117187,28.743602752685604],[83.90070343017578,28.771562576294002],[83.94097137451189,28.788339614868164],[83.94034576416044,28.824628829956055],[83.9533920288086,28.835067749023494],[83.96271514892595,28.832954406738338],[83.9696731567384,28.817047119140625],[83.9971389770509,28.81332015991211],[84.01615142822271,28.797536849975586],[84.04946136474604,28.822391510009822],[84.05393218994146,28.84252357482916],[84.06288146972662,28.83904457092285],[84.0869903564456,28.84948348999029],[84.0863647460938,28.86588668823248],[84.0979232788086,28.887262344360295],[84.11756134033203,28.880924224853572],[84.13272094726568,28.888504028320426],[84.15807342529303,28.872348785400447],[84.18653106689459,28.900186538696573]]]}},{"type":"Feature","properties":{"district":"Morang","district_key":"MORANG","zone":"Koshi","region":"East","households":213870,"population":959568,"male_population":461893,"female_population":497675,"sex_ratio":92.8,"area_km2":1822.6,"pop_density":526.5,"literacy_rate":70.46,"female_literacy_rate":63.06,"male_literacy_rate":78.52,"electricity_lighting_pct":75.8,"flush_toilet_pct":40.96,"improved_water_pct":97.27,"school_attendance_pct":67.88,"mobile_phone_hh_pct":67.81,"internet_hh_pct":2.61,"lpg_cooking_pct":23.27,"wood_cooking_pct":44.9,"vdc_count":66},"geometry":{"type":"Polygon","coordinates":[[[87.50936126709013,26.870674133300838],[87.5117263793947,26.857252120971737],[87.60219573974615,26.861850738525504],[87.6640853881836,26.81450271606451],[87.65861511230474,26.7979736328125],[87.68160247802763,26.780948638916072],[87.66569519042974,26.760442733764762],[87.67800140380854,26.751991271972656],[87.69291687011736,26.756341934204215],[87.68086242675776,26.729871749877987],[87.65774536132841,26.7157039642334],[87.64432525634771,26.650585174560547],[87.6565017700197,26.633186340332088],[87.65798950195312,26.615539550781364],[87.64096832275419,26.59727096557623],[87.64469909667974,26.583974838256893],[87.63823699951178,26.5802459716798],[87.64842224121122,26.548929214477596],[87.64519500732416,26.507173538208065],[87.66234588623075,26.457214355468864],[87.6813583374024,26.43658638000511],[87.68086242675776,26.415458679199332],[87.65277099609403,26.405517578125284],[87.65438842773455,26.39321327209467],[87.589653015137,26.381813049316463],[87.59022521972685,26.392213821411246],[87.55532073974638,26.405414581298942],[87.55001831054682,26.418214797973633],[87.46909332275402,26.44006538391119],[87.37129211425776,26.40775489807129],[87.35886383056669,26.38787078857422],[87.36085510253923,26.36077880859375],[87.34341430664091,26.347515106201172],[87.31491851806646,26.371114730835018],[87.30381011962908,26.365997314453182],[87.26838684082037,26.37361145019537],[87.26864624023466,26.405269622802678],[87.2450332641601,26.418067932128963],[87.24950408935553,26.453113555908317],[87.24105834960955,26.4696426391601],[87.25659179687506,26.519475936889705],[87.24839019775396,26.519723892211914],[87.25646209716825,26.536128997802678],[87.26329803466825,26.53401565551752],[87.2692642211914,26.548929214477596],[87.28653717041021,26.558746337890625],[87.29374694824224,26.576145172119254],[87.28778076171892,26.591554641723746],[87.30331420898443,26.615041732788143],[87.30356597900419,26.62995529174799],[87.28753662109403,26.65704727172846],[87.34184265136724,26.736831665039176],[87.32605743408232,26.78728675842285],[87.3516616821289,26.820095062255973],[87.35638427734403,26.838735580444336],[87.35004425048834,26.84929847717285],[87.37203979492216,26.84569358825695],[87.39440917968767,26.86545372009283],[87.42311859130871,26.86992835998535],[87.45542907714844,26.857873916625977],[87.49146270751947,26.872165679931754],[87.50936126709013,26.870674133300838]]]}},{"type":"Feature","properties":{"district":"Mugu","district_key":"MUGU","zone":"Karnali","region":"Mid-Western","households":9600,"population":54832,"male_population":27589,"female_population":27243,"sex_ratio":101.3,"area_km2":3230.0,"pop_density":17.0,"literacy_rate":50.78,"female_literacy_rate":36.88,"male_literacy_rate":64.53,"electricity_lighting_pct":13.88,"flush_toilet_pct":13.95,"improved_water_pct":75.48,"school_attendance_pct":64.65,"mobile_phone_hh_pct":35.43,"internet_hh_pct":0.15,"lpg_cooking_pct":0.04,"wood_cooking_pct":98.75,"vdc_count":24},"geometry":{"type":"Polygon","coordinates":[[[82.56501770019548,29.95511627197277],[82.56861877441423,29.932415008544922],[82.58661651611334,29.921215057373104],[82.60415649414068,29.88915634155279],[82.64442443847662,29.870018005371378],[82.62292480468778,29.8372097015382],[82.64171600341803,29.83371543884283],[82.69873046875017,29.855230331421126],[82.71252441406256,29.838701248168945],[82.72890472412115,29.834503173828182],[82.73912048339844,29.813474655151424],[82.7121200561524,29.792715072631893],[82.69601440429688,29.79111480712885],[82.69177246093778,29.763391494751204],[82.74681854248053,29.769355773925895],[82.7499313354495,29.749969482421875],[82.76871490478533,29.74241447448742],[82.76481628417997,29.731115341186808],[82.79951477050793,29.71902656555187],[82.81977081298857,29.721017837524414],[82.81761932373053,29.70221519470215],[82.82909393310575,29.689697265625],[82.82896423339861,29.64905929565458],[82.80038452148455,29.63949012756359],[82.79627990722685,29.631536483764705],[82.82113647460938,29.559333801269645],[82.80510711669916,29.55150413513178],[82.78348541259771,29.514347076416072],[82.73377227783197,29.507637023925895],[82.7254486083985,29.47930145263672],[82.7367553710938,29.46625328063982],[82.7167510986331,29.431705474853516],[82.69213867187528,29.425119400024528],[82.67760467529303,29.40386772155756],[82.66281127929682,29.401880264282397],[82.64405059814459,29.385351181030387],[82.62590026855474,29.398151397705078],[82.62503051757841,29.424621582031307],[82.58812713623053,29.42250823974615],[82.56040954589861,29.411447525024414],[82.54400634765642,29.42064476013195],[82.51542663574236,29.42052078247076],[82.49802398681635,29.493469238281307],[82.43427276611357,29.443386077880916],[82.4130249023438,29.45071983337408],[82.4125289916995,29.463768005371207],[82.3877944946289,29.50179481506359],[82.36554718017584,29.490362167358455],[82.33050537109386,29.508008956909123],[82.30242156982428,29.493967056274528],[82.30813598632818,29.47867965698248],[82.29633331298834,29.442890167236442],[82.26861572265642,29.44500160217285],[82.2492294311524,29.43332099914562],[82.24177551269537,29.438789367675895],[82.22400665283209,29.428474426269645],[82.21567535400402,29.406850814819393],[82.1859741210937,29.406105041503963],[82.16198730468767,29.417537689209098],[82.14546203613287,29.429096221923885],[82.1444702148438,29.457056045532227],[82.13278961181658,29.469856262207145],[82.10382843017595,29.45867156982422],[82.07872772216808,29.483776092529297],[82.04306030273449,29.4827823638916],[82.01596832275396,29.46165466308605],[82.00801849365229,29.472963333129996],[81.98092651367216,29.472963333129996],[81.9667587280274,29.446245193481502],[81.93270874023455,29.43729782104498],[81.92338562011736,29.444381713867188],[81.88659667968756,29.443386077880916],[81.868949890137,29.46053695678711],[81.80967712402344,29.453950881958008],[81.8056945800783,29.475076675415153],[81.779106140137,29.5157146453858],[81.79476165771513,29.53124809265148],[81.80084991455107,29.559209823608455],[81.79153442382807,29.596616744995174],[81.77562713623053,29.605812072753963],[81.7866821289063,29.624826431274528],[81.85478973388678,29.619358062744084],[81.87429809570341,29.635017395019588],[81.892562866211,29.668073654174805],[81.9195327758789,29.66372489929205],[81.93196105957048,29.677268981933594],[81.95097351074247,29.676523208618107],[81.99472045898455,29.704236984253043],[82.00788879394548,29.727228164672965],[82.03771972656261,29.749223709106445],[82.06220245361328,29.74624252319336],[82.0630722045899,29.72834587097168],[82.1030883789063,29.68621826171875],[82.10258483886747,29.665712356567383],[82.11550903320318,29.652912139892692],[82.10457611084001,29.634767532348633],[82.1444702148438,29.645828247070312],[82.15801239013678,29.658256530761776],[82.19442749023455,29.653160095214957],[82.23618316650408,29.66272926330572],[82.23369598388689,29.700508117675724],[82.26339721679716,29.702869415283317],[82.28377532958996,29.69230651855463],[82.31509399414091,29.712314605712947],[82.34119415283232,29.71591949462902],[82.36344146728521,29.702621459960938],[82.39488220214861,29.6969051361084],[82.41401672363287,29.715795516968],[82.41613006591803,29.73207473754877],[82.39947509765625,29.7611541748048],[82.41464233398466,29.77780723571783],[82.40283203125028,29.805395126342773],[82.44036102294933,29.815586090088004],[82.43178558349638,29.83522224426264],[82.43688201904303,29.86082267761259],[82.46446990966814,29.865295410156364],[82.46124267578142,29.881450653076172],[82.44956207275419,29.88865852355957],[82.46981811523455,29.8988494873048],[82.47628021240229,29.90667915344244],[82.47254943847662,29.919603347778548],[82.53231811523466,29.97121620178217],[82.56501770019548,29.95511627197277]]]}},{"type":"Feature","properties":{"district":"Mustang","district_key":"MUSTANG","zone":"Dhaualagiri","region":null,"households":3305,"population":11593,"male_population":5771,"female_population":5822,"sex_ratio":99.1,"area_km2":3564.8,"pop_density":3.3,"literacy_rate":61.33,"female_literacy_rate":52.29,"male_literacy_rate":70.41,"electricity_lighting_pct":71.2,"flush_toilet_pct":41.82,"improved_water_pct":91.71,"school_attendance_pct":54.15,"mobile_phone_hh_pct":71.2,"internet_hh_pct":1.45,"lpg_cooking_pct":18.12,"wood_cooking_pct":54.01,"vdc_count":16},"geometry":{"type":"Polygon","coordinates":[[[83.99726104736328,29.316751480102823],[84.00000000000011,29.30531883239746],[83.99203491210966,29.298313140869254],[84.028617858887,29.28551483154297],[84.044486999512,29.300720214843864],[84.07122039794939,29.28521537780773],[84.09231567382824,29.29411506652849],[84.12237548828142,29.27947425842285],[84.12378692626964,29.270263671875],[84.11441802978521,29.262914657592717],[84.11841583251959,29.244209289550838],[84.14328765869169,29.236099243164062],[84.2031860351562,29.240074157714787],[84.20181274414091,29.213851928710994],[84.17968750000028,29.206775665283317],[84.16441345214855,29.185146331787166],[84.17691802978533,29.13081550598156],[84.20306396484375,29.12387847900402],[84.20381927490251,29.10371589660656],[84.18827056884794,29.080631256103572],[84.19171905517607,29.04681587219244],[84.2236938476563,29.053415298462085],[84.25003814697271,29.037136077880916],[84.24393463134771,28.976022720336914],[84.22260284423857,28.915599822998047],[84.22801208496111,28.89383697509794],[84.18653106689459,28.900186538696573],[84.15807342529303,28.872348785400447],[84.13272094726568,28.888504028320597],[84.11756134033203,28.880924224853572],[84.09792327880876,28.887262344360295],[84.0863647460938,28.86588668823248],[84.0869903564456,28.84948348999029],[84.06288146972662,28.83904457092285],[84.05393218994146,28.84252357482933],[84.04946136474604,28.822391510009822],[84.01615142822271,28.797536849975586],[83.9971389770509,28.81332015991211],[83.9696731567384,28.817047119140625],[83.96271514892595,28.832954406738338],[83.9533920288086,28.835067749023494],[83.94034576416044,28.824628829956055],[83.94097137451189,28.788339614868164],[83.90070343017578,28.771562576294002],[83.8932495117187,28.743602752685604],[83.87422943115251,28.72707366943365],[83.83806610107433,28.723842620849723],[83.76947021484375,28.686435699463004],[83.74660491943376,28.690040588378906],[83.72994995117216,28.666801452636776],[83.73206329345732,28.65462112426752],[83.70894622802746,28.640081405639705],[83.69937896728521,28.61721611022955],[83.6879501342774,28.613611221313477],[83.66532897949219,28.567256927490178],[83.6398544311524,28.56638717651373],[83.64469909667997,28.572973251342887],[83.59648132324219,28.58962631225586],[83.58169555664068,28.583288192749137],[83.56616210937517,28.607025146484318],[83.56379699707043,28.643436431884822],[83.54577636718767,28.654747009277344],[83.5296249389649,28.68829917907715],[83.54180145263678,28.69712257385254],[83.53931427001959,28.71104240417486],[83.56069183349615,28.746212005615234],[83.55820465087896,28.76448059082037],[83.5487594604495,28.77616119384777],[83.50688171386719,28.793062210083008],[83.48898315429693,28.790452957153377],[83.48239898681635,28.837677001953125],[83.48364257812506,28.844636917114315],[83.50389862060558,28.84612846374523],[83.50812530517607,28.86514091491705],[83.50153350830095,28.87719535827648],[83.558578491211,28.933616638183594],[83.56069183349615,28.94480133056652],[83.56901550292969,28.943309783935604],[83.58293914794922,28.95710372924816],[83.59412384033214,28.98357391357422],[83.61139678955095,28.9802188873291],[83.61711120605486,28.987674713134766],[83.61450195312506,29.03539657592779],[83.62171173095709,29.059629440307617],[83.63351440429705,29.062984466552678],[83.63276672363281,29.081005096435604],[83.61772918701178,29.098403930664062],[83.63090515136724,29.106853485107365],[83.65203094482422,29.1044921875],[83.65352630615251,29.119031906127987],[83.66234588623053,29.12437629699707],[83.68247985839838,29.123382568359375],[83.67850494384783,29.147491455078182],[83.66532897949219,29.155693054199276],[83.65802001953153,29.203914642334098],[83.68631744384783,29.213115692138672],[83.71329498291021,29.244548797607536],[83.76411437988276,29.239915847778434],[83.79942321777361,29.250265121460018],[83.80442047119158,29.25631523132347],[83.7965469360351,29.277364730835245],[83.8099975585938,29.285831451416243],[83.81446075439482,29.30161857604992],[83.84951782226591,29.297515869140625],[83.85881805419928,29.309814453125057],[83.90691375732428,29.325716018677042],[83.95011901855486,29.316715240478516],[83.96481323242205,29.331315994262866],[83.99726104736328,29.316751480102823]]]}},{"type":"Feature","properties":{"district":"Myagdi","district_key":"MYAGDI","zone":"Dhaualagiri","region":null,"households":27727,"population":112077,"male_population":50034,"female_population":62043,"sex_ratio":80.6,"area_km2":2285.5,"pop_density":49.0,"literacy_rate":71.5,"female_literacy_rate":64.38,"male_literacy_rate":80.6,"electricity_lighting_pct":68.63,"flush_toilet_pct":52.33,"improved_water_pct":87.93,"school_attendance_pct":73.31,"mobile_phone_hh_pct":61.1,"internet_hh_pct":1.74,"lpg_cooking_pct":12.12,"wood_cooking_pct":86.55,"vdc_count":41},"geometry":{"type":"Polygon","coordinates":[[[83.50688171386719,28.793062210083008],[83.5487594604495,28.77616119384777],[83.55820465087896,28.76448059082037],[83.56069183349615,28.746212005615234],[83.53931427001959,28.71104240417486],[83.54180145263678,28.69712257385254],[83.5296249389649,28.68829917907715],[83.54577636718767,28.654747009277344],[83.56379699707043,28.643436431884822],[83.56616210937517,28.607025146484318],[83.58169555664068,28.583288192749137],[83.59648132324219,28.58962631225586],[83.64469909667997,28.572973251342887],[83.6398544311524,28.56638717651373],[83.66532897949219,28.567256927490178],[83.6879501342774,28.613611221313477],[83.69937896728521,28.61721611022955],[83.70894622802746,28.640081405639705],[83.73206329345732,28.65462112426752],[83.72994995117216,28.666801452636776],[83.74660491943376,28.690040588378906],[83.76947021484375,28.686435699463004],[83.79134368896496,28.693145751953182],[83.81520080566435,28.681713104248047],[83.85186004638666,28.653627395629883],[83.87361145019531,28.613115310669002],[83.82179260253912,28.59534263610834],[83.80401611328142,28.57980918884283],[83.83073425292986,28.534200668335018],[83.80364227294939,28.515310287475643],[83.77456665039091,28.480266571045036],[83.75431060791021,28.47181510925293],[83.75555419921875,28.45826911926281],[83.73392486572277,28.420366287231445],[83.74735260009766,28.40259552001953],[83.75927734375006,28.40532875061035],[83.76164245605463,28.394144058227596],[83.69005584716808,28.398618698120174],[83.68161010742193,28.371278762817496],[83.66011047363293,28.347913742065543],[83.62879180908209,28.380722045898494],[83.5988388061524,28.391534805297965],[83.57175445556646,28.374383926391545],[83.57088470459013,28.34008598327648],[83.59921264648443,28.315231323242188],[83.6036911010745,28.298328399658146],[83.56429290771484,28.316970825195312],[83.53720092773455,28.303176879882926],[83.53198242187528,28.31324195861822],[83.50004577636724,28.32417869567871],[83.48587799072283,28.320077896118164],[83.44548797607428,28.328651428222713],[83.44101715087885,28.34008598327648],[83.42635345459001,28.34095573425293],[83.41329956054699,28.357358932495117],[83.37974548339872,28.355247497558707],[83.365951538086,28.370407104492244],[83.33761596679716,28.370780944824276],[83.31413269042997,28.354501724243278],[83.30431365966814,28.355743408203182],[83.28082275390642,28.36730194091797],[83.28865814209001,28.37960433959961],[83.28430938720709,28.39240455627447],[83.29884338378912,28.415891647338867],[83.28157043457031,28.433042526245117],[83.27660369873041,28.42981147766119],[83.27473449707048,28.44223785400385],[83.29238128662121,28.446712493896428],[83.3024520874024,28.46150016784668],[83.2758560180664,28.493438720703182],[83.22105407714872,28.51369476318365],[83.190727233887,28.49741554260254],[83.13219451904325,28.495552062988338],[83.12759399414091,28.52761459350586],[83.10348510742193,28.54116058349615],[83.10249328613298,28.56688499450695],[83.11045074462919,28.578069686889705],[83.10746765136736,28.627531051635856],[83.11790466308588,28.63138198852539],[83.12585449218756,28.65586471557623],[83.12213134765642,28.675251007080078],[83.1410217285158,28.675251007080078],[83.15456390380876,28.701099395752067],[83.14735412597662,28.74708175659191],[83.18861389160168,28.743476867675838],[83.21197509765642,28.731796264648438],[83.23123931884783,28.74273109436035],[83.27921295166027,28.721853256225586],[83.32767486572294,28.737884521484375],[83.36408996582043,28.734033584594783],[83.39055633544928,28.762989044189453],[83.44809722900408,28.768829345703125],[83.50688171386719,28.793062210083008]]]}},{"type":"Feature","properties":{"district":"Nawalparasi","district_key":"NAWALPARASI","zone":"Lumbini","region":"West","households":128760,"population":638954,"male_population":299638,"female_population":339316,"sex_ratio":88.3,"area_km2":2152.2,"pop_density":296.9,"literacy_rate":70.55,"female_literacy_rate":62.7,"male_literacy_rate":79.6,"electricity_lighting_pct":80.93,"flush_toilet_pct":46.58,"improved_water_pct":91.92,"school_attendance_pct":70.06,"mobile_phone_hh_pct":76.64,"internet_hh_pct":1.93,"lpg_cooking_pct":17.03,"wood_cooking_pct":70.99,"vdc_count":74},"geometry":{"type":"Polygon","coordinates":[[[84.10301971435575,27.86386871337902],[84.10177612304705,27.855417251586914],[84.11122131347685,27.861631393432617],[84.1189270019533,27.850694656372127],[84.12874603271496,27.859022140502987],[84.12625885009771,27.845600128173885],[84.15782165527361,27.848085403442496],[84.1593170166015,27.839385986328125],[84.17547607421886,27.852186203003043],[84.19299316406256,27.846345901489315],[84.2055435180664,27.852062225341797],[84.21138763427729,27.838640213012695],[84.21561431884783,27.846345901489315],[84.22754669189464,27.836404800415096],[84.22978210449224,27.84547615051264],[84.24444580078142,27.846345901489315],[84.2710418701173,27.83230400085455],[84.29353332519537,27.837646484375],[84.30770111084013,27.819005966186637],[84.30011749267595,27.80595779418951],[84.30310058593778,27.791168212890682],[84.31665039062528,27.784084320068473],[84.3270874023438,27.74866676330572],[84.34249877929693,27.743944168090934],[84.36349487304693,27.75388717651373],[84.37145233154314,27.77575874328619],[84.39382171630865,27.77551078796398],[84.41979217529303,27.758733749389762],[84.43259429931652,27.705295562744254],[84.38263702392607,27.681310653686637],[84.34746551513678,27.702562332153434],[84.25997924804699,27.65086364746105],[84.20803070068365,27.63818740844721],[84.13732147216803,27.584377288818473],[84.11681365966814,27.553060531616268],[84.0526885986331,27.55629158020031],[84.03330230712908,27.53702926635748],[83.97253417968761,27.550325393676815],[83.95053863525396,27.54001235961914],[83.9256820678711,27.543863296508903],[83.92095947265642,27.531436920166016],[83.9276733398438,27.514535903930778],[83.94394683837919,27.515529632568473],[83.95513153076178,27.52733612060547],[83.96694183349615,27.522985458374137],[83.97103881835966,27.51043510437023],[83.94084167480474,27.491296768188477],[83.9466857910158,27.465572357177678],[83.93748474121122,27.45078277587902],[83.87024688720709,27.428506851196403],[83.87523651123053,27.391912460327205],[83.9084091186524,27.384296417236442],[83.88989257812506,27.35819816589367],[83.86479187011747,27.346393585205078],[83.83322143554705,27.36950874328619],[83.61673736572283,27.46942329406744],[83.61288452148438,27.489557266235295],[83.59511566162138,27.501611709594727],[83.60021209716803,27.51963043212902],[83.58865356445312,27.53193283081066],[83.5984725952149,27.547840118408203],[83.59237670898443,27.551445007324332],[83.59784698486345,27.572570800781307],[83.58256530761736,27.574684143066463],[83.58467864990251,27.58823013305664],[83.57386016845709,27.610723495483512],[83.60008239746088,27.63097953796398],[83.6053085327149,27.64837837219244],[83.63202667236334,27.66453361511242],[83.635009765625,27.693117141723633],[83.65526580810564,27.690879821777457],[83.68533325195341,27.66378784179699],[83.69726562500006,27.661924362182617],[83.70671081542963,27.682678222656364],[83.67912292480474,27.7184677124024],[83.68421936035156,27.720705032348746],[83.73069763183622,27.70889854431158],[83.75318908691418,27.720829010009766],[83.78873443603516,27.724557876586914],[83.82253265380876,27.710390090942496],[83.84838104248075,27.70927238464361],[83.84602355957037,27.734375000000114],[83.89859008789057,27.72990226745611],[83.90654754638683,27.735494613647575],[83.9263000488283,27.72667121887207],[83.95252227783232,27.747299194335994],[83.98794555664068,27.747920989990234],[83.99577331542974,27.750780105590877],[84.00160980224626,27.78594970703125],[84.02883148193388,27.82024765014654],[84.02236938476557,27.840629577636832],[84.03057098388666,27.85628700256359],[84.04138183593756,27.85703277587902],[84.04349517822277,27.849700927734432],[84.05082702636736,27.855915069580135],[84.05480194091791,27.848707199096737],[84.08040618896501,27.869461059570256],[84.10301971435575,27.86386871337902]]]}},{"type":"Feature","properties":{"district":"Nuwakot","district_key":"NUWAKOT","zone":"Bagmati","region":"Central","households":59194,"population":275775,"male_population":131437,"female_population":144338,"sex_ratio":91.1,"area_km2":1193.8,"pop_density":231.0,"literacy_rate":59.54,"female_literacy_rate":52.29,"male_literacy_rate":67.61,"electricity_lighting_pct":83.0,"flush_toilet_pct":37.76,"improved_water_pct":88.67,"school_attendance_pct":67.5,"mobile_phone_hh_pct":60.11,"internet_hh_pct":0.75,"lpg_cooking_pct":6.61,"wood_cooking_pct":89.8,"vdc_count":62},"geometry":{"type":"Polygon","coordinates":[[[85.12467193603533,28.09104156494152],[85.1730194091798,28.081968307495174],[85.135238647461,28.038473129272518],[85.14704132080084,28.027040481567496],[85.18942260742199,28.018836975097656],[85.18643951416016,27.97273254394537],[85.25752258300793,27.974348068237305],[85.27852630615263,27.964902877807674],[85.2921981811524,27.98292350769043],[85.33258056640642,27.988639831543082],[85.34426879882818,28.009765625000057],[85.40628051757818,28.039466857910156],[85.40665435791021,28.05388259887701],[85.42864990234403,28.062458038330135],[85.435111999512,28.080476760864258],[85.44418334960943,28.082342147827205],[85.47251892089872,28.06357574462902],[85.49948120117205,28.030021667480582],[85.48954010009783,27.992366790771598],[85.49426269531278,27.972980499267578],[85.48084259033209,27.959186553955192],[85.48991394042986,27.919668197631893],[85.4707794189456,27.881515502929688],[85.47251892089872,27.868963241577205],[85.45362854003935,27.850322723388672],[85.44878387451178,27.81453132629406],[85.30226135253923,27.81254386901867],[85.26945495605486,27.78097724914562],[85.24906921386724,27.772279739379883],[85.18084716796886,27.77190589904785],[85.13002014160173,27.760473251342887],[85.09024810791027,27.78743934631359],[85.05495452880871,27.796884536743164],[85.04376983642578,27.8170166015625],[85.01481628417986,27.80918884277338],[85.02513122558594,27.832799911499023],[85.01630401611328,27.832178115844727],[85.00860595703136,27.850322723388672],[84.99120330810553,27.858276367187557],[84.9970474243164,27.8749294281007],[84.99108123779325,27.885118484497184],[85.01854705810575,27.94365310668951],[85.0109634399414,27.952600479126033],[85.03084564209001,27.971488952636832],[85.03395843505865,27.98838996887207],[85.0318450927735,27.99547386169445],[85.00649261474615,27.999574661254996],[84.99157714843756,28.028532028198242],[85.03495025634794,28.03176307678234],[85.0645294189456,28.06668281555187],[85.11709594726568,28.076625823974666],[85.12467193603533,28.09104156494152]]]}},{"type":"Feature","properties":{"district":"Okhaldhunga","district_key":"OKHALDHUNGA","zone":"Sagarmatha","region":"East","households":32466,"population":146824,"male_population":67577,"female_population":79247,"sex_ratio":85.3,"area_km2":1076.2,"pop_density":136.4,"literacy_rate":64.14,"female_literacy_rate":55.99,"male_literacy_rate":73.89,"electricity_lighting_pct":41.71,"flush_toilet_pct":18.26,"improved_water_pct":84.57,"school_attendance_pct":72.87,"mobile_phone_hh_pct":42.84,"internet_hh_pct":0.47,"lpg_cooking_pct":1.54,"wood_cooking_pct":97.0,"vdc_count":56},"geometry":{"type":"Polygon","coordinates":[[[86.35796356201189,27.5259685516358],[86.37772369384794,27.515653610229492],[86.40382385253912,27.51677322387701],[86.42556762695318,27.48719596862793],[86.44135284423834,27.485704421997184],[86.45688629150419,27.454261779785156],[86.4698104858399,27.445314407348576],[86.4627304077149,27.434129714965877],[86.4724197387697,27.422449111938477],[86.50336456298834,27.426301956176758],[86.51219177246122,27.410518646240234],[86.56687164306646,27.365282058715877],[86.57321166992199,27.340427398681754],[86.65970611572283,27.33943367004406],[86.68095397949224,27.353227615356445],[86.68828582763672,27.30923461914074],[86.66964721679688,27.297180175781307],[86.67523956298834,27.288356781005973],[86.67038726806658,27.268224716186523],[86.63696289062494,27.256170272827262],[86.62242126464855,27.235416412353516],[86.60030364990263,27.23442268371582],[86.58898925781256,27.22360992431652],[86.5594100952149,27.226469039916992],[86.52896881103544,27.193288803100586],[86.49354553222656,27.186452865600586],[86.430419921875,27.146436691284237],[86.41923522949224,27.165699005127067],[86.38729858398432,27.1813583374024],[86.38232421875028,27.192169189453125],[86.34590911865229,27.202608108520565],[86.34329986572266,27.228706359863338],[86.29843902587908,27.237777709960938],[86.2689895629884,27.253313064575252],[86.26836395263678,27.26076889038086],[86.23158264160162,27.23703193664545],[86.20597839355474,27.24995613098156],[86.21617126464872,27.268598556518498],[86.24301147460943,27.288854598999023],[86.2395324707033,27.30587959289545],[86.21815490722673,27.3328475952149],[86.23008728027372,27.397594451904354],[86.24984741210943,27.41909408569336],[86.26525878906267,27.454759597778377],[86.29421234130854,27.46992111206066],[86.34069061279303,27.51975440979004],[86.35796356201189,27.5259685516358]]]}},{"type":"Feature","properties":{"district":"Palpa","district_key":"PALPA","zone":"Lumbini","region":"West","households":59260,"population":258893,"male_population":114063,"female_population":144830,"sex_ratio":78.8,"area_km2":1462.6,"pop_density":177.0,"literacy_rate":76.03,"female_literacy_rate":69.43,"male_literacy_rate":84.68,"electricity_lighting_pct":72.98,"flush_toilet_pct":54.97,"improved_water_pct":81.34,"school_attendance_pct":76.16,"mobile_phone_hh_pct":75.7,"internet_hh_pct":2.35,"lpg_cooking_pct":14.99,"wood_cooking_pct":80.45,"vdc_count":66},"geometry":{"type":"Polygon","coordinates":[[[83.37987518310553,27.95868873596197],[83.41205596923845,27.93085289001465],[83.43492889404297,27.93930244445812],[83.45083618164068,27.92836570739746],[83.46251678466808,27.93420791625971],[83.48587799072283,27.922525405883732],[83.50799560546892,27.92836570739746],[83.50973510742205,27.94054603576666],[83.52465057373053,27.92439079284668],[83.53210449218756,27.938060760498047],[83.54055786132841,27.927621841430778],[83.55049896240229,27.927869796752987],[83.57249450683594,27.94265747070324],[83.57659912109403,27.930107116699162],[83.62779998779314,27.926006317138615],[83.62295532226591,27.917802810668945],[83.63562774658203,27.913825988769588],[83.63661956787115,27.899162292480582],[83.65663146972662,27.902269363403434],[83.67775726318376,27.927371978759766],[83.68508911132818,27.91618728637701],[83.69142913818388,27.92376899719244],[83.70024871826189,27.91680908203125],[83.7211303710938,27.920040130615348],[83.74510955810547,27.899908065796012],[83.74672698974638,27.907737731933707],[83.75915527343744,27.902891159057674],[83.76437377929688,27.90972518920904],[83.808364868164,27.873313903808594],[83.82302856445341,27.87753868103033],[83.84304046630888,27.868093490600586],[83.84950256347662,27.872940063476562],[83.84614562988281,27.880769729614258],[83.86155700683622,27.87368583679205],[83.86267852783214,27.881515502929688],[83.87932586669916,27.888101577758846],[83.91226196289074,27.880023956298942],[83.91275787353533,27.872568130493164],[83.92680358886747,27.868093490600586],[83.93910217285162,27.87766265869135],[83.95326995849621,27.869213104248047],[83.97364807128912,27.872444152832088],[83.996391296387,27.866106033325195],[84.00223541259771,27.85454750061041],[84.02348327636747,27.8510684967041],[84.01739501953153,27.857902526855526],[84.02348327636747,27.861507415771598],[84.03057098388666,27.85628700256359],[84.02236938476557,27.840629577636832],[84.02883148193388,27.82024765014654],[84.00160980224626,27.78594970703125],[83.99577331542974,27.750780105590877],[83.95252227783232,27.747299194335994],[83.9263000488283,27.72667121887207],[83.90654754638683,27.735494613647575],[83.89859008789057,27.72990226745611],[83.84602355957037,27.734375000000114],[83.84838104248075,27.70927238464361],[83.82253265380876,27.710390090942496],[83.78873443603516,27.724557876586914],[83.75318908691418,27.720829010009766],[83.73069763183622,27.70889854431158],[83.71627807617205,27.715486526489315],[83.67912292480474,27.7184677124024],[83.70671081542963,27.682678222656364],[83.69726562500006,27.661924362182617],[83.68533325195341,27.66378784179699],[83.65526580810564,27.690879821777457],[83.62357330322283,27.68814659118658],[83.61077117919916,27.701816558837947],[83.580078125,27.705047607421818],[83.53322601318365,27.725801467895565],[83.48935699462896,27.730398178100586],[83.47767639160173,27.721326828002987],[83.44511413574224,27.723812103271598],[83.43405914306646,27.73922157287609],[83.4183959960938,27.74170684814453],[83.4078369140625,27.7346248626709],[83.39068603515642,27.74866676330572],[83.37477874755871,27.734498977661133],[83.33103179931646,27.767183303833065],[83.26206207275419,27.756744384765625],[83.26032257080084,27.785203933715763],[83.24739837646513,27.789926528930778],[83.24975585937517,27.80819320678711],[83.23297882080095,27.823106765747184],[83.2501296997072,27.83168220520031],[83.29238128662121,27.828201293945426],[83.31214141845703,27.851316452026367],[83.30257415771501,27.859643936157227],[83.31947326660185,27.860015869140682],[83.3325271606447,27.877166748046932],[83.31089782714872,27.889469146728572],[83.31301116943388,27.901523590087947],[83.29946899414091,27.91022300720209],[83.31102752685553,27.926006317138615],[83.3287963867188,27.920661926269588],[83.34632110595709,27.92637825012207],[83.34768676757824,27.949865341186637],[83.37987518310553,27.95868873596197]]]}},{"type":"Feature","properties":{"district":"Panchthar","district_key":"PANCHTHAR","zone":"Mechi","region":"East","households":41176,"population":190491,"male_population":88910,"female_population":101581,"sex_ratio":87.5,"area_km2":1247.9,"pop_density":152.6,"literacy_rate":72.38,"female_literacy_rate":65.77,"male_literacy_rate":80.05,"electricity_lighting_pct":27.87,"flush_toilet_pct":22.82,"improved_water_pct":73.19,"school_attendance_pct":75.78,"mobile_phone_hh_pct":59.17,"internet_hh_pct":0.57,"lpg_cooking_pct":5.75,"wood_cooking_pct":92.08,"vdc_count":41},"geometry":{"type":"Polygon","coordinates":[[[88.07087100780046,27.438162337238737],[88.08261871337896,27.426414489746094],[88.05321502685564,27.412614822387752],[88.04441833496111,27.37071609497076],[88.06921386718767,27.33558082580595],[88.04411315917974,27.304016113281307],[88.0465087890625,27.292442321777457],[88.03429412841791,27.28599548339838],[88.03341674804693,27.249715805053654],[88.01513671875006,27.216541290283203],[88.01561737060547,27.17823600769043],[88.02198791503912,27.170669555664062],[88.01354980468767,27.16542625427263],[88.00992584228533,27.142959594726733],[87.99381256103544,27.130540847778605],[87.99417114257818,27.10520744323736],[87.95438385009766,27.10579872131342],[87.89808654785185,27.0922527313233],[87.84092712402361,27.046024322509766],[87.78052520751959,27.012470245361385],[87.74324798583984,27.019428253173942],[87.69278717041021,26.97431755065918],[87.67974090576189,26.95170021057129],[87.7088241577149,26.928956985473746],[87.69651794433594,26.921998977661133],[87.6908035278322,26.880739212036076],[87.63947296142572,26.860483169555778],[87.586166381836,26.859489440918082],[87.56217956542997,26.884592056274414],[87.52489471435564,26.884344100952205],[87.53433990478544,26.90161705017084],[87.52378082275396,26.93492317199707],[87.52886962890642,26.957168579101506],[87.4950714111331,26.985004425048885],[87.51457977294939,26.990846633911133],[87.53856658935541,27.013216018676815],[87.54465484619169,27.02402687072754],[87.53558349609375,27.03434181213379],[87.53968811035185,27.045278549194336],[87.57311248779297,27.069759368896598],[87.5918807983399,27.099460601806697],[87.63674163818371,27.118350982666072],[87.64755249023443,27.13239479064947],[87.70857238769548,27.150165557861328],[87.72248840332048,27.189186096191463],[87.75405883789091,27.208076477050838],[87.74958038330095,27.223114013671875],[87.68359375,27.26710700988781],[87.69142150878912,27.288232803344783],[87.78350830078142,27.27244949340826],[87.84229278564459,27.28587150573736],[87.87223815917974,27.278787612915153],[87.89697265625,27.286119461059627],[87.95276641845709,27.282392501831055],[88.00645446777344,27.328746795654354],[88.0364074707033,27.40803337097185],[88.07087100780046,27.438162337238737]]]}},{"type":"Feature","properties":{"district":"Parbat","district_key":"PARBAT","zone":"Dhaualagiri","region":null,"households":35698,"population":145667,"male_population":64430,"female_population":81237,"sex_ratio":79.3,"area_km2":541.6,"pop_density":269.0,"literacy_rate":73.78,"female_literacy_rate":66.38,"male_literacy_rate":83.41,"electricity_lighting_pct":80.16,"flush_toilet_pct":65.19,"improved_water_pct":83.21,"school_attendance_pct":77.12,"mobile_phone_hh_pct":75.99,"internet_hh_pct":1.41,"lpg_cooking_pct":12.56,"wood_cooking_pct":86.25,"vdc_count":55},"geometry":{"type":"Polygon","coordinates":[[[83.70261383056646,28.398368835449162],[83.72485351562517,28.375255584716797],[83.72063446044916,28.367797851562614],[83.72821044921886,28.348783493041992],[83.77680206298834,28.309141159057674],[83.7635040283206,28.292240142822266],[83.77655029296892,28.285156250000057],[83.76773071289091,28.273723602294865],[83.82241058349615,28.260301589965934],[83.82464599609375,28.25147819519043],[83.80041503906267,28.22836303710949],[83.81134796142584,28.219787597656364],[83.80563354492193,28.221155166626033],[83.80153656005876,28.208852767944393],[83.758285522461,28.190086364746037],[83.76810455322294,28.17045211791998],[83.76152038574224,28.14596939086914],[83.73243713378935,28.147708892822266],[83.7100677490235,28.128446578979492],[83.70733642578142,28.118381500244197],[83.73206329345732,28.101106643676758],[83.71939086914068,28.089921951294002],[83.70571899414091,28.090171813964844],[83.7146682739259,28.063079833984375],[83.69602203369135,28.052267074585075],[83.69055938720703,28.038101196289062],[83.69689178466803,28.028282165527457],[83.65799713134771,28.011629104614258],[83.634506225586,28.016477584838867],[83.62916564941412,28.00529289245611],[83.60083007812528,28.01498603820812],[83.580078125,28.033874511718693],[83.56441497802729,28.03474426269537],[83.56317901611334,28.06432151794445],[83.59163665771496,28.08085060119629],[83.60679626464861,28.11042785644537],[83.6316528320313,28.122234344482536],[83.64134216308611,28.136650085449332],[83.63587951660162,28.15044403076172],[83.64594268798834,28.166847229003906],[83.64183807373075,28.175174713134766],[83.67191314697271,28.20263862609869],[83.67626190185553,28.218421936035213],[83.65936279296903,28.237186431884822],[83.61164093017584,28.259431838989258],[83.60282135009766,28.308643341064453],[83.57088470459013,28.34008598327648],[83.56877136230497,28.36618232727045],[83.5988388061524,28.391534805297965],[83.62879180908209,28.380722045898494],[83.66011047363293,28.347913742065543],[83.68161010742193,28.371278762817496],[83.69005584716808,28.398618698120174],[83.70261383056646,28.398368835449162]]]}},{"type":"Feature","properties":{"district":"Parsa","district_key":"PARSA","zone":"Narayani","region":"Central","households":95516,"population":597769,"male_population":309472,"female_population":288297,"sex_ratio":107.3,"area_km2":1406.5,"pop_density":425.0,"literacy_rate":55.71,"female_literacy_rate":43.82,"male_literacy_rate":66.73,"electricity_lighting_pct":72.24,"flush_toilet_pct":25.46,"improved_water_pct":95.69,"school_attendance_pct":54.15,"mobile_phone_hh_pct":59.88,"internet_hh_pct":1.48,"lpg_cooking_pct":15.67,"wood_cooking_pct":65.75,"vdc_count":83},"geometry":{"type":"Polygon","coordinates":[[[84.56382751464872,27.462713241577262],[84.63043975830072,27.45065879821783],[84.64510345459013,27.442581176757926],[84.64895629882812,27.429035186767635],[84.72116088867193,27.43102264404297],[84.72824096679716,27.444444656372127],[84.75744628906278,27.435497283935547],[84.79335784912126,27.43736076354992],[84.8125,27.415737152099723],[84.83586120605463,27.417478561401424],[84.85413360595732,27.39834022521984],[84.87364196777344,27.398960113525504],[84.89887237548834,27.385290145874137],[84.90346527099615,27.374479293823242],[84.9469604492188,27.360063552856445],[84.95590972900396,27.366401672363338],[84.97169494628923,27.3559627532959],[84.96995544433594,27.31283950805664],[84.95976257324224,27.30003929138195],[84.9750518798831,27.263626098632926],[84.96237182617205,27.19713973999029],[84.94683837890653,27.163711547851676],[84.95727539062506,27.126552581787166],[84.9438552856447,27.111143112182674],[84.94248962402344,27.09287452697754],[84.92646026611322,27.08355522155773],[84.93701934814459,27.06963539123541],[84.91974639892607,27.07224464416504],[84.90222167968778,27.04565048217796],[84.90110778808611,27.033224105834904],[84.91950225830084,27.03372001647955],[84.91353607177751,27.0179386138916],[84.88259124755854,26.988981246948185],[84.85798645019526,26.98649597167997],[84.85686492919939,27.007995605468807],[84.82479858398432,27.021043777465877],[84.81091308593767,27.01779937744152],[84.79572296142584,26.995569229126147],[84.78851318359403,26.998302459716797],[84.79100036621122,27.008617401123047],[84.77482604980463,27.01753234863287],[84.75893402099621,27.002651214599723],[84.64485168457037,27.04719734191923],[84.64846038818365,27.07535171508806],[84.6764221191408,27.09548377990734],[84.67801666259771,27.1090145111084],[84.672103881836,27.109910964965877],[84.6888504028322,27.15849113464384],[84.67791748046903,27.170114517211914],[84.68735504150396,27.180114746093864],[84.68275451660173,27.200368881225586],[84.6916809082033,27.222265243530444],[84.62201690673857,27.338207244873047],[84.48802185058594,27.358324050903434],[84.48603057861357,27.365903854370117],[84.5061645507813,27.380941390991154],[84.5418319702149,27.38566398620617],[84.53797912597673,27.403186798095817],[84.54904174804705,27.40442848205572],[84.53474426269548,27.414371490478572],[84.55052947998047,27.41772651672369],[84.56382751464872,27.462713241577262]]]}},{"type":"Feature","properties":{"district":"Pyuthan","district_key":"PYUTHAN","zone":"Rapti","region":"Mid-Western","households":47716,"population":226796,"male_population":98825,"female_population":127971,"sex_ratio":77.2,"area_km2":1321.1,"pop_density":171.7,"literacy_rate":66.81,"female_literacy_rate":58.61,"male_literacy_rate":77.89,"electricity_lighting_pct":53.63,"flush_toilet_pct":42.1,"improved_water_pct":79.95,"school_attendance_pct":72.35,"mobile_phone_hh_pct":54.86,"internet_hh_pct":0.51,"lpg_cooking_pct":3.34,"wood_cooking_pct":95.12,"vdc_count":49},"geometry":{"type":"Polygon","coordinates":[[[82.94242858886713,28.361459732055664],[82.99562072753935,28.351144790649414],[83.0053100585938,28.3330020904541],[83.02059936523466,28.325420379638672],[83.06359863281267,28.317466735839957],[83.09901428222685,28.276954650878963],[83.07975006103544,28.233583450317496],[83.05290985107439,28.243524551391715],[83.02395629882818,28.234329223632756],[83.02904510498047,28.23594474792492],[83.03898620605486,28.20313644409191],[83.03141021728521,28.17480087280279],[83.04421234130865,28.16858673095703],[83.03886413574224,28.157527923584098],[83.05887603759771,28.145099639892635],[83.05154418945312,28.14025306701666],[83.06048583984403,28.129442214965934],[83.05241394042974,28.10607719421398],[83.02967071533209,28.099243164062614],[83.00444030761719,28.11378288269043],[83.00394439697271,28.095764160156307],[82.96367645263678,28.046924591064567],[82.97821807861334,28.019458770752067],[82.97548675537126,28.00616264343256],[82.95448303222673,27.99348640441889],[82.97560882568388,27.991746902465934],[82.99139404296886,27.97658538818365],[83.00158691406267,27.977579116821346],[83.01860809326178,27.956825256347656],[83.01786041259771,27.928117752075195],[83.01189422607439,27.9199161529541],[83.00667572021513,27.931722640991325],[82.99040222167974,27.925260543823356],[82.94466400146496,27.930727005004826],[82.91968536376964,27.9046306610108],[82.89756774902372,27.913825988769588],[82.878921508789,27.901025772094727],[82.86935424804716,27.909477233886832],[82.85034179687517,27.901025772094727],[82.82623291015653,27.905500411987305],[82.80722045898438,27.87753868103033],[82.79305267334013,27.880769729614258],[82.79280090332037,27.89096069335949],[82.7761535644533,27.89369392395031],[82.77130126953153,27.921283721923828],[82.77764129638666,27.92575645446783],[82.76633453369152,27.941165924072322],[82.75353240966803,27.94327926635748],[82.76807403564482,27.962665557861328],[82.76459503173834,27.976709365844727],[82.74843597412138,27.974472045898494],[82.74246978759771,27.990503311157283],[82.6977310180664,28.01511001586914],[82.69922637939482,28.02940177917492],[82.72060394287104,28.046924591064567],[82.62714385986322,28.069789886474723],[82.61248016357422,28.09141349792492],[82.60229492187511,28.093526840209904],[82.6073837280274,28.12658309936529],[82.59011077880888,28.1408748626709],[82.60949707031256,28.15243148803711],[82.62677764892578,28.178281784057674],[82.65982818603516,28.190584182739315],[82.68418884277344,28.19257164001465],[82.68654632568365,28.186109542846737],[82.69810485839838,28.211462020874023],[82.73489379882841,28.207361221313477],[82.759994506836,28.179771423339957],[82.78858184814459,28.177659988403377],[82.79516601562528,28.1884708404541],[82.81616973876947,28.187229156494197],[82.8273544311524,28.199531555175838],[82.81890106201172,28.214321136474666],[82.8540725708009,28.2348251342774],[82.85046386718778,28.255578994750977],[82.8902359008789,28.27670478820812],[82.8889923095706,28.291742324829215],[82.922172546387,28.321319580078125],[82.92888641357416,28.347913742065543],[82.94242858886713,28.361459732055664]]]}},{"type":"Feature","properties":{"district":"Ramechhap","district_key":"RAMECHHAP","zone":"Janakpur","region":"Central","households":43883,"population":201423,"male_population":92183,"female_population":109240,"sex_ratio":84.4,"area_km2":1564.5,"pop_density":128.7,"literacy_rate":62.02,"female_literacy_rate":53.47,"male_literacy_rate":72.3,"electricity_lighting_pct":45.51,"flush_toilet_pct":39.31,"improved_water_pct":82.05,"school_attendance_pct":74.89,"mobile_phone_hh_pct":50.15,"internet_hh_pct":0.25,"lpg_cooking_pct":2.42,"wood_cooking_pct":95.44,"vdc_count":55},"geometry":{"type":"Polygon","coordinates":[[[86.45838165283214,27.823230743408203],[86.47279357910173,27.825839996338004],[86.4890747070313,27.80856704711914],[86.50087738037115,27.813537597656364],[86.51306152343756,27.80608177185053],[86.54487609863298,27.810928344726562],[86.56910705566423,27.803968429565543],[86.56637573242216,27.76929664611822],[86.57519531250017,27.754383087158203],[86.56525421142572,27.749040603637752],[86.55332183837896,27.71063995361328],[86.5423889160158,27.700696945190487],[86.54039764404308,27.670001983642692],[86.52859497070341,27.65011787414562],[86.50958251953142,27.640300750732422],[86.49491882324236,27.613456726074332],[86.43712615966814,27.609977722168026],[86.41587829589872,27.58649063110363],[86.37995910644537,27.56871795654297],[86.35734558105463,27.524600982666072],[86.34069061279303,27.51975440979004],[86.29421234130854,27.46992111206066],[86.26525878906267,27.454759597778377],[86.24984741210943,27.41909408569336],[86.23008728027372,27.397594451904354],[86.21965026855469,27.35210990905773],[86.2216415405274,27.322284698486442],[86.2313308715822,27.319673538208008],[86.24301147460943,27.288854598999023],[86.21617126464872,27.268598556518498],[86.20747375488298,27.250080108642578],[86.15925598144537,27.252193450927734],[86.1515502929687,27.242252349853516],[86.11476135253923,27.27232551574707],[86.09711456298834,27.267478942871207],[86.08009338378912,27.275184631347656],[86.07624053955095,27.291339874267635],[86.05722045898443,27.287984848022518],[86.03311157226562,27.308986663818303],[86.02379608154314,27.308614730835075],[86.00006103515653,27.337196350097713],[85.98551940917974,27.335704803466797],[85.97955322265642,27.370626449585075],[85.96364593505888,27.387155532836914],[85.94823455810547,27.379947662353516],[85.9202728271485,27.40877914428711],[85.85453033447294,27.42481040954584],[85.83266448974626,27.437112808227482],[85.83116912841814,27.447799682617188],[85.81227874755876,27.454387664794922],[85.81650543212896,27.472904205322322],[85.80010223388678,27.49999618530279],[85.82122802734392,27.517517089843864],[85.83092498779291,27.54647445678711],[85.82942962646501,27.57617568969738],[85.84881591796903,27.57878494262701],[85.88336181640653,27.614326477050838],[85.95457458496111,27.58885192871105],[86.00006103515653,27.545728683471623],[85.99011993408209,27.51938247680664],[85.99694824218756,27.503227233886832],[86.09587097167969,27.49999618530279],[86.11811828613293,27.473897933960018],[86.14384460449224,27.495397567749023],[86.16086578369169,27.54137802124029],[86.19429779052751,27.5717010498048],[86.29359436035168,27.605007171630803],[86.30539703369146,27.61557006835949],[86.3140945434572,27.64576911926264],[86.35349273681669,27.693117141723633],[86.37821960449224,27.69212150573736],[86.40196228027372,27.71387100219738],[86.42283630371094,27.715236663818473],[86.4295501708985,27.73673629760748],[86.41289520263689,27.7463054656983],[86.41277313232428,27.760473251342887],[86.42457580566412,27.7854518890382],[86.4131469726563,27.790422439575252],[86.42208862304693,27.813289642333928],[86.44110870361345,27.82807731628418],[86.45241546630865,27.83230400085455],[86.45838165283214,27.823230743408203]]]}},{"type":"Feature","properties":{"district":"Rasuwa","district_key":"RASUWA","zone":"Bagmati","region":"Central","households":9741,"population":42133,"male_population":20498,"female_population":21635,"sex_ratio":94.7,"area_km2":1522.6,"pop_density":27.7,"literacy_rate":52.33,"female_literacy_rate":46.04,"male_literacy_rate":59.02,"electricity_lighting_pct":71.46,"flush_toilet_pct":37.02,"improved_water_pct":87.98,"school_attendance_pct":72.66,"mobile_phone_hh_pct":56.09,"internet_hh_pct":0.85,"lpg_cooking_pct":8.26,"wood_cooking_pct":89.58,"vdc_count":18},"geometry":{"type":"Polygon","coordinates":[[[85.6849212646485,28.38358879089367],[85.7123107910158,28.386514663696346],[85.72467803955072,28.374876022339038],[85.72053527832048,28.361469268799],[85.7333068847658,28.339321136474723],[85.72801971435553,28.32991600036644],[85.73819732666044,28.321109771728572],[85.7344818115235,28.292612075805664],[85.75141906738298,28.239416122436637],[85.77899932861357,28.210113525390568],[85.80210113525419,28.199205398559627],[85.8004760742188,28.18859481811552],[85.78083801269537,28.173931121826286],[85.7216873168947,28.173931121826286],[85.71509552001982,28.161752700805664],[85.65333557128935,28.15118980407715],[85.62873077392607,28.129192352294922],[85.61692047119135,28.134412765503157],[85.61530303955084,28.1503200531007],[85.603500366211,28.158147811889762],[85.58647155761724,28.15317726135254],[85.55988311767572,28.16709709167509],[85.53502655029303,28.166847229003906],[85.49264526367193,28.138513565063704],[85.4976196289063,28.122108459472713],[85.49153137207037,28.105581283569336],[85.44766235351568,28.089921951294002],[85.42802429199224,28.072275161743164],[85.42864990234403,28.062458038330135],[85.40665435791021,28.05388259887701],[85.40628051757818,28.039466857910156],[85.34426879882818,28.009765625000057],[85.33258056640642,27.988639831543082],[85.2921981811524,27.98292350769043],[85.27852630615263,27.964902877807674],[85.25752258300793,27.974348068237305],[85.18643951416016,27.97273254394537],[85.18942260742199,28.018836975097656],[85.13834381103544,28.033128738403434],[85.14008331298822,28.048788070678768],[85.1730194091798,28.081968307495174],[85.13150787353516,28.085945129394474],[85.12467193603533,28.09104156494152],[85.1262893676759,28.105331420898494],[85.14891052246111,28.114776611328125],[85.16046905517607,28.129442214965934],[85.15946960449224,28.14360809326172],[85.20234680175787,28.176540374755916],[85.20657348632818,28.203882217407397],[85.18979644775396,28.22314453125],[85.20507812500028,28.249986648559684],[85.18482208251959,28.277700424194393],[85.16804504394537,28.272356033325366],[85.15312957763678,28.29671287536621],[85.137222290039,28.304046630859432],[85.12380218505865,28.335611343384073],[85.18412017822294,28.324014663696403],[85.2049102783206,28.34043693542486],[85.24299621582037,28.318304061889705],[85.25740051269531,28.2942276000976],[85.272705078125,28.297199249267578],[85.27516937255876,28.28764152526884],[85.30587005615251,28.289747238159293],[85.34261322021513,28.30381584167486],[85.35047149658203,28.301528930664062],[85.35051727294939,28.288215637207088],[85.37971496582037,28.278415679931697],[85.41436004638666,28.30814743041998],[85.4170913696289,28.326539993286133],[85.46033477783203,28.336854934692383],[85.50921630859375,28.33301544189476],[85.56261444091814,28.309265136718864],[85.60201263427763,28.30479240417486],[85.60041809082037,28.280559539795036],[85.61021423339872,28.257070541381893],[85.63890838623064,28.274986267089844],[85.66431427001959,28.304716110229492],[85.65543365478544,28.31784820556652],[85.66771697998047,28.347515106201286],[85.68800354003918,28.347541809082088],[85.6849212646485,28.38358879089367]]]}},{"type":"Feature","properties":{"district":"Rautahat","district_key":"RAUTAHAT","zone":"Narayani","region":"Central","households":106652,"population":686059,"male_population":350448,"female_population":335611,"sex_ratio":104.4,"area_km2":1036.1,"pop_density":662.2,"literacy_rate":41.65,"female_literacy_rate":32.02,"male_literacy_rate":50.82,"electricity_lighting_pct":46.57,"flush_toilet_pct":10.9,"improved_water_pct":95.52,"school_attendance_pct":43.63,"mobile_phone_hh_pct":47.0,"internet_hh_pct":0.24,"lpg_cooking_pct":2.12,"wood_cooking_pct":54.26,"vdc_count":97},"geometry":{"type":"Polygon","coordinates":[[[85.29530334472685,27.232683181762695],[85.35097503662121,27.221870422363395],[85.3619155883789,27.21056175231945],[85.39546966552729,27.210065841674805],[85.40155792236357,27.196269989013672],[85.45064544677751,27.186328887939567],[85.45946502685553,27.165822982788086],[85.4884262084961,27.16408348083496],[85.50296020507818,27.175516128540096],[85.50594329834001,27.165201187133846],[85.4945144653322,27.160354614257812],[85.49028778076172,27.138607025146598],[85.47090148925787,27.11462211608898],[85.43461608886736,27.08628845214855],[85.43598175048834,27.067026138305778],[85.38800811767607,27.008493423462028],[85.40341949462896,26.983638763427734],[85.40093231201178,26.94150924682623],[85.38825988769548,26.918022155761832],[85.39720916748047,26.891427993774414],[85.39235687255865,26.880491256713867],[85.34563446044933,26.860607147216797],[85.35494995117193,26.842214584350643],[85.3387985229495,26.835130691528434],[85.32376098632807,26.80431175231945],[85.34227752685547,26.789150238037166],[85.33184051513678,26.776847839355526],[85.34774780273466,26.77523231506359],[85.3532104492188,26.762804031372184],[85.33544158935564,26.760070800781307],[85.32475280761736,26.744783401489258],[85.25516510009771,26.760940551757812],[85.20829772949224,26.761051177978516],[85.19509887695318,26.790796279907283],[85.18258666992216,26.795488357544116],[85.17911529541021,26.811914443969727],[85.19262695312506,26.829544067382926],[85.19774627685547,26.86657333374029],[85.1728897094726,26.872537612914982],[85.16543579101591,26.88869285583496],[85.17711639404314,26.891923904419002],[85.1721496582033,26.919761657714957],[85.18146514892572,26.92535400390625],[85.16618347167997,26.938030242919922],[85.17761230468778,26.947723388671932],[85.17065429687517,26.954185485839844],[85.17450714111334,26.976554870605526],[85.16580963134794,26.979288101196403],[85.1891708374024,27.00724983215332],[85.18357849121094,27.015949249267635],[85.2003555297851,27.027507781982422],[85.17972564697294,27.037820816040096],[85.20309448242193,27.039810180664062],[85.19861602783232,27.05024909973156],[85.18569183349626,27.048881530761832],[85.1945190429688,27.064664840698356],[85.2027206420899,27.065410614013615],[85.19650268554716,27.077217102050838],[85.20420837402361,27.081939697265625],[85.19886779785173,27.105178833007756],[85.23341369628906,27.133884429931584],[85.23403167724615,27.14519309997553],[85.24857330322294,27.158739089965877],[85.26448059082048,27.22075271606451],[85.29530334472685,27.232683181762695]]]}},{"type":"Feature","properties":{"district":"Rolpa","district_key":"ROLPA","zone":"Rapti","region":"Mid-Western","households":43735,"population":221177,"male_population":100301,"female_population":120876,"sex_ratio":83.0,"area_km2":1885.2,"pop_density":117.3,"literacy_rate":59.34,"female_literacy_rate":50.25,"male_literacy_rate":70.65,"electricity_lighting_pct":21.48,"flush_toilet_pct":14.47,"improved_water_pct":77.51,"school_attendance_pct":67.2,"mobile_phone_hh_pct":47.02,"internet_hh_pct":0.29,"lpg_cooking_pct":2.18,"wood_cooking_pct":96.96,"vdc_count":51},"geometry":{"type":"Polygon","coordinates":[[[82.53096008300793,28.55806159973139],[82.55009460449213,28.524259567260742],[82.59980773925787,28.506736755371094],[82.61534118652344,28.51083755493164],[82.64255523681669,28.49480628967291],[82.65921020507812,28.492692947387695],[82.68828582763678,28.51481437683117],[82.68878936767595,28.523637771606502],[82.6963653564456,28.52003288269043],[82.69189453125006,28.511955261230526],[82.70519256591814,28.50897407531744],[82.73725128173845,28.52649497985834],[82.75465393066412,28.50512123107916],[82.79342651367216,28.50002479553234],[82.83493041992193,28.47815322875988],[82.8812866210938,28.47616577148449],[82.8880004882813,28.452676773071346],[82.91620635986334,28.434036254882756],[82.91806793212908,28.40259552001953],[82.94553375244158,28.398244857788143],[82.95870971679688,28.364318847656307],[82.94242858886713,28.361459732055664],[82.92888641357416,28.347913742065543],[82.922172546387,28.321319580078125],[82.8889923095706,28.291742324829215],[82.8902359008789,28.27670478820812],[82.85046386718778,28.255578994750977],[82.8540725708009,28.2348251342774],[82.81890106201172,28.214321136474666],[82.8273544311524,28.199531555175838],[82.81616973876947,28.187229156494197],[82.79516601562528,28.1884708404541],[82.78858184814459,28.177659988403377],[82.759994506836,28.179771423339957],[82.73489379882841,28.207361221313477],[82.69810485839838,28.211462020874023],[82.68654632568365,28.186109542846737],[82.68418884277344,28.19257164001465],[82.65982818603516,28.190584182739315],[82.62677764892578,28.178281784057674],[82.60949707031256,28.15243148803711],[82.59259796142607,28.147708892822266],[82.59011077880888,28.1408748626709],[82.60626983642584,28.13043594360363],[82.60925292968767,28.119251251220703],[82.59906005859386,28.093029022216854],[82.59694671630865,28.10135650634777],[82.56911468505871,28.115274429321346],[82.56190490722685,28.134784698486385],[82.52922058105474,28.135282516479606],[82.50920867919928,28.14994621276867],[82.48646545410162,28.13043594360363],[82.48112487792974,28.144229888916016],[82.47143554687506,28.14025306701666],[82.43899536132818,28.148952484130973],[82.39873504638678,28.168712615966854],[82.408676147461,28.220533370971793],[82.42955017089838,28.229854583740178],[82.42880249023438,28.238801956176758],[82.43924713134794,28.246507644653377],[82.40544128417974,28.26204109191889],[82.37797546386724,28.314981460571346],[82.36542510986357,28.319456100463924],[82.3648071289063,28.33996009826666],[82.38083648681646,28.351020812988395],[82.38494110107439,28.373514175415096],[82.36542510986357,28.388303756713924],[82.36741638183611,28.403091430664176],[82.35225677490263,28.42160797119152],[82.3787231445313,28.430929183959904],[82.37574005126982,28.448204040527344],[82.39749145507841,28.460382461547965],[82.41352081298822,28.492568969726676],[82.40941619873053,28.503629684448242],[82.41998291015653,28.528608322143555],[82.46521759033197,28.52127647399908],[82.4930572509765,28.5380535125733],[82.49367523193376,28.551847457885856],[82.53096008300793,28.55806159973139]]]}},{"type":"Feature","properties":{"district":"Rukum","district_key":"RUKUM","zone":"Rapti","region":"Mid-Western","households":41837,"population":207290,"male_population":97964,"female_population":109326,"sex_ratio":89.6,"area_km2":2896.9,"pop_density":71.6,"literacy_rate":61.83,"female_literacy_rate":53.88,"male_literacy_rate":70.84,"electricity_lighting_pct":14.77,"flush_toilet_pct":12.96,"improved_water_pct":74.07,"school_attendance_pct":73.24,"mobile_phone_hh_pct":36.91,"internet_hh_pct":0.17,"lpg_cooking_pct":1.44,"wood_cooking_pct":97.73,"vdc_count":43},"geometry":{"type":"Polygon","coordinates":[[[82.58029937744146,28.989788055419922],[82.64243316650408,28.962820053100643],[82.66815948486322,28.963317871093693],[82.68841552734392,28.91721153259283],[82.7009658813476,28.909507751464957],[82.69288635253912,28.88825607299816],[82.701713562012,28.882663726806697],[82.69760894775396,28.864645004272575],[82.71401214599615,28.851470947265682],[82.74446105957031,28.84513282775879],[82.76757812500017,28.80834770202648],[82.78372955322294,28.824131011963004],[82.80125427246122,28.820528030395508],[82.8191528320313,28.831338882446403],[82.84574127197266,28.82636833190918],[82.86948394775396,28.834197998046818],[82.89806365966803,28.824628829956055],[82.91956329345703,28.831338882446403],[82.96778106689482,28.820278167724666],[82.98294067382818,28.800643920898438],[82.99897003173834,28.80387496948248],[83.07018280029325,28.77989006042486],[83.08111572265625,28.7859783172608],[83.11566925048845,28.743476867675838],[83.14735412597662,28.74708175659191],[83.15456390380876,28.701099395752067],[83.14437103271496,28.69041252136236],[83.14847564697283,28.681713104248047],[83.13679504394526,28.673635482788143],[83.12213134765642,28.675251007080078],[83.12697601318365,28.663818359375114],[83.1161651611331,28.630636215209904],[83.09826660156244,28.634986877441463],[83.0594940185548,28.619949340820426],[83.04483032226591,28.62989234924322],[83.02109527587896,28.62156486511236],[82.9789657592774,28.62877273559576],[82.95460510253935,28.598077774047965],[82.96430206298834,28.58179664611822],[82.98741912841825,28.57073783874506],[82.97573089599615,28.542154312133846],[82.9227905273437,28.56713294982916],[82.91558837890642,28.555452346801758],[82.91596221923845,28.52749061584484],[82.8965682983399,28.515310287475643],[82.87929534912104,28.515310287475643],[82.91409301757818,28.479270935058594],[82.90589141845709,28.475294113159237],[82.83493041992193,28.47815322875988],[82.79342651367216,28.50002479553234],[82.75465393066412,28.50512123107916],[82.73725128173845,28.52649497985834],[82.70519256591814,28.50897407531744],[82.69189453125006,28.511955261230526],[82.6963653564456,28.52003288269043],[82.68878936767595,28.523637771606502],[82.68828582763678,28.51481437683117],[82.65921020507812,28.492692947387695],[82.64255523681669,28.49480628967291],[82.61534118652344,28.51083755493164],[82.59980773925787,28.506736755371094],[82.55009460449213,28.524259567260742],[82.53096008300793,28.55806159973139],[82.49703216552763,28.553710937500057],[82.4930572509765,28.5380535125733],[82.46422576904325,28.52102851867687],[82.40332794189459,28.53544425964367],[82.39475250244146,28.52649497985834],[82.38294982910168,28.53283309936529],[82.37686157226591,28.56638717651373],[82.34169006347662,28.58950233459484],[82.3014221191408,28.597455978393555],[82.27445983886747,28.59273338317871],[82.18659973144548,28.623056411743278],[82.20001983642584,28.663818359375114],[82.19828033447271,28.682334899902457],[82.21095275878935,28.67587280273449],[82.2492294311524,28.712284088134766],[82.28079986572283,28.693145751953182],[82.277816772461,28.705945968628043],[82.29197692871105,28.73813438415533],[82.28452301025396,28.762243270873967],[82.29446411132841,28.7837429046632],[82.35722351074247,28.791446685791072],[82.37660980224615,28.82201766967779],[82.40097045898455,28.841529846191463],[82.43191528320318,28.851222991943473],[82.45639801025419,28.873218536376953],[82.47242736816435,28.86812400817871],[82.498519897461,28.8790607452392],[82.50933837890625,28.89484214782715],[82.50635528564464,28.921188354492188],[82.51803588867216,28.930509567260742],[82.51517486572294,28.949895858764762],[82.55394744873064,28.987674713134766],[82.58029937744146,28.989788055419922]]]}},{"type":"Feature","properties":{"district":"Rupandehi","district_key":"RUPANDEHI","zone":"Lumbini","region":"West","households":163835,"population":874566,"male_population":427361,"female_population":447205,"sex_ratio":95.6,"area_km2":1304.7,"pop_density":670.3,"literacy_rate":69.59,"female_literacy_rate":60.72,"male_literacy_rate":78.99,"electricity_lighting_pct":80.61,"flush_toilet_pct":44.0,"improved_water_pct":97.69,"school_attendance_pct":64.59,"mobile_phone_hh_pct":77.34,"internet_hh_pct":3.02,"lpg_cooking_pct":34.22,"wood_cooking_pct":34.34,"vdc_count":71},"geometry":{"type":"Polygon","coordinates":[[[83.26914215087919,27.75637245178234],[83.33687591552729,27.765071868896484],[83.37477874755871,27.734498977661133],[83.39068603515642,27.74866676330572],[83.4078369140625,27.7346248626709],[83.4183959960938,27.74170684814453],[83.43405914306646,27.73922157287609],[83.44511413574224,27.723812103271598],[83.51545715332048,27.729032516479435],[83.580078125,27.705047607421818],[83.59996032714844,27.705667495727482],[83.62357330322283,27.68814659118658],[83.635009765625,27.693117141723633],[83.63587951660162,27.687896728515625],[83.63202667236334,27.66453361511242],[83.6053085327149,27.64837837219244],[83.60008239746088,27.63097953796398],[83.57386016845709,27.610723495483512],[83.58467864990251,27.58823013305664],[83.58256530761736,27.574684143066463],[83.59784698486345,27.572570800781307],[83.59237670898443,27.551445007324332],[83.5984725952149,27.547840118408203],[83.58865356445312,27.53193283081066],[83.60021209716803,27.51963043212902],[83.59511566162138,27.501611709594727],[83.61288452148438,27.489557266235295],[83.61673736572283,27.46942329406744],[83.3909301757813,27.47949028015165],[83.4039840698245,27.457492828369197],[83.38683319091825,27.43512535095232],[83.41168975830095,27.412506103515625],[83.38681793212919,27.390115737915096],[83.39019012451178,27.375720977783317],[83.37676239013689,27.369756698608626],[83.37577819824213,27.35712242126465],[83.35986328125006,27.35024642944336],[83.36121368408209,27.343015670776367],[83.3383178710938,27.33311462402338],[83.31996917724615,27.337196350097884],[83.31960296630865,27.329988479614485],[83.29653167724615,27.33401870727539],[83.2746200561524,27.352615356445312],[83.26765441894531,27.365406036377067],[83.27421569824224,27.383415222168082],[83.21906280517578,27.41772651672369],[83.23335266113298,27.43052673339855],[83.2189407348634,27.44369888305664],[83.22925567626982,27.468803405761776],[83.2209243774414,27.4796142578125],[83.22315979003935,27.491296768188477],[83.23497009277355,27.514038085937557],[83.20638275146513,27.560516357421875],[83.23335266113298,27.607492446899414],[83.2226638793947,27.645519256591854],[83.23111724853521,27.695104598999023],[83.21744537353544,27.72691917419445],[83.214340209961,27.75910568237316],[83.22776031494169,27.763082504272518],[83.23957061767607,27.750158309936637],[83.24826812744146,27.751028060913086],[83.25783538818365,27.766935348510856],[83.26914215087919,27.75637245178234]]]}},{"type":"Feature","properties":{"district":"Salyan","district_key":"SALYAN","zone":"Rapti","region":"Mid-Western","households":46524,"population":241716,"male_population":115253,"female_population":126463,"sex_ratio":91.1,"area_km2":1936.8,"pop_density":124.8,"literacy_rate":63.93,"female_literacy_rate":55.17,"male_literacy_rate":73.71,"electricity_lighting_pct":14.53,"flush_toilet_pct":17.64,"improved_water_pct":60.32,"school_attendance_pct":71.8,"mobile_phone_hh_pct":45.0,"internet_hh_pct":0.31,"lpg_cooking_pct":1.48,"wood_cooking_pct":97.04,"vdc_count":47},"geometry":{"type":"Polygon","coordinates":[[[82.05598449707037,28.636726379394645],[82.08419799804693,28.618085861206055],[82.14384460449219,28.625915527343693],[82.1445922851562,28.615724563598633],[82.16733551025408,28.6113739013673],[82.18659973144548,28.623056411743278],[82.20387268066435,28.62231063842779],[82.22251129150396,28.607273101806754],[82.23928833007818,28.60963439941412],[82.27445983886747,28.59273338317871],[82.3014221191408,28.597455978393555],[82.34169006347662,28.58950233459484],[82.37686157226591,28.56638717651373],[82.38680267334013,28.528980255126953],[82.39475250244146,28.52649497985834],[82.40332794189459,28.53544425964367],[82.41899108886724,28.530597686767692],[82.40941619873053,28.503629684448242],[82.41352081298822,28.492568969726676],[82.39749145507841,28.460382461547965],[82.37574005126982,28.448204040527344],[82.3787231445313,28.430929183959904],[82.35225677490263,28.42160797119152],[82.36741638183611,28.403091430664176],[82.36542510986357,28.388303756713924],[82.38494110107439,28.373514175415096],[82.38083648681646,28.351020812988395],[82.3648071289063,28.33996009826666],[82.36542510986357,28.319456100463924],[82.37797546386724,28.314981460571346],[82.40544128417974,28.26204109191889],[82.43924713134794,28.246507644653377],[82.42880249023438,28.238801956176758],[82.42955017089838,28.229854583740178],[82.408676147461,28.220533370971793],[82.39873504638678,28.168712615966854],[82.39488220214861,28.188968658447322],[82.3793487548831,28.18461799621582],[82.33920288085938,28.223516464233455],[82.3143463134765,28.223268508911246],[82.30254364013689,28.245761871337947],[82.27731323242216,28.248371124267578],[82.24587249755854,28.237808227539062],[82.22102355957043,28.24899291992199],[82.20051574707048,28.242778778076286],[82.1719360351563,28.25147819519043],[82.14558410644548,28.237062454223633],[82.13054656982428,28.25346565246582],[82.10258483886747,28.258810043335018],[82.07040405273438,28.236938476562557],[82.05610656738281,28.2420330047608],[82.04405212402372,28.230102539062614],[82.02491760253912,28.201147079467773],[82.03100585937506,28.187601089477653],[82.02007293701189,28.181636810302734],[82.00938415527361,28.150939941406364],[81.97968292236334,28.18275451660162],[81.96713256835943,28.184370040893555],[81.96452331542997,28.194313049316406],[81.928482055664,28.209348678588867],[81.92338562011736,28.226747512817326],[81.88473510742193,28.243400573730526],[81.86273956298845,28.23855400085455],[81.86647033691435,28.249738693237248],[81.84546661376964,28.271858215332145],[81.80930328369158,28.282918930053654],[81.79513549804716,28.27384757995611],[81.78891754150408,28.29460144042963],[81.74691772460938,28.31311798095703],[81.77027893066412,28.384202957153377],[81.78233337402355,28.390789031982536],[81.8396224975586,28.380971908569336],[81.93879699707031,28.33710289001465],[81.98316192626959,28.36295127868658],[81.97893524169928,28.386812210083008],[81.99173736572271,28.395263671875114],[81.97595214843778,28.404458999633903],[81.96377563476557,28.42483901977539],[81.96302795410156,28.447084426879883],[81.98763275146484,28.44658851623541],[81.992729187012,28.46187400817871],[82.01223754882812,28.46796226501465],[82.02938842773432,28.5174236297608],[82.01920318603521,28.54426765441906],[81.99596405029325,28.56986808776861],[82.01348114013678,28.59596443176281],[82.00602722167974,28.613363265991268],[82.02877044677763,28.616096496582088],[82.02355194091803,28.627033233642635],[82.02951812744152,28.63970947265625],[82.04716491699236,28.636974334716854],[82.05821990966814,28.644556045532283],[82.05598449707037,28.636726379394645]]]}},{"type":"Feature","properties":{"district":"Sankhuwasabha","district_key":"SANKHUWASABHA","zone":"Koshi","region":"East","households":34615,"population":158222,"male_population":74717,"female_population":83505,"sex_ratio":89.5,"area_km2":3470.7,"pop_density":45.6,"literacy_rate":69.27,"female_literacy_rate":62.19,"male_literacy_rate":77.3,"electricity_lighting_pct":52.58,"flush_toilet_pct":15.54,"improved_water_pct":68.89,"school_attendance_pct":70.99,"mobile_phone_hh_pct":61.81,"internet_hh_pct":0.78,"lpg_cooking_pct":4.13,"wood_cooking_pct":94.62,"vdc_count":34},"geometry":{"type":"Polygon","coordinates":[[[86.98554992675787,27.948623657226733],[87.04161834716803,27.95011520385765],[87.0558853149414,27.92637825012207],[87.0809936523437,27.914432525634766],[87.09130859375,27.882385253906364],[87.10969543457037,27.874679565429915],[87.11839294433594,27.84013175964361],[87.17531585693365,27.821119308471793],[87.22811889648438,27.81951522827154],[87.24121856689447,27.83921623230009],[87.26291656494169,27.850715637207315],[87.30617523193365,27.843217849731445],[87.32034301757841,27.82546806335455],[87.357719421387,27.827215194702262],[87.3764190673831,27.84511566162132],[87.42112731933611,27.862253189086857],[87.43369293212908,27.84152603149431],[87.40610504150396,27.83382225036644],[87.45356750488281,27.822349548339787],[87.49258422851591,27.846221923828125],[87.53856658935541,27.842866897583008],[87.55471801757818,27.864986419677905],[87.56503295898466,27.866851806640625],[87.58888244628935,27.85254669189453],[87.59175872802763,27.82086944580078],[87.6040649414063,27.820884704589844],[87.61474609375006,27.810306549072493],[87.63835906982439,27.834167480468693],[87.67203521728544,27.834615707397518],[87.66719055175781,27.809312820434798],[87.6798629760745,27.789552688598746],[87.65972900390642,27.761343002319563],[87.66632080078153,27.750034332275618],[87.64382934570341,27.73064804077177],[87.64196014404297,27.709770202636832],[87.62518310546892,27.711757659912394],[87.61772918701166,27.70430183410656],[87.61897277832037,27.688394546508846],[87.6099014282226,27.67460060119629],[87.59312438964838,27.681186676025618],[87.58231353759766,27.675842285156364],[87.57721710205084,27.69286727905279],[87.56491088867205,27.698957443237305],[87.54801177978521,27.659189224243164],[87.53483581542974,27.651981353759766],[87.54751586914091,27.63744163513195],[87.53720092773466,27.63147735595703],[87.53198242187506,27.594692230224723],[87.51532745361345,27.59866905212408],[87.48438262939482,27.566854476928825],[87.48972320556669,27.546224594116268],[87.47033691406267,27.505712509155273],[87.4733200073245,27.484958648681697],[87.46114349365234,27.47340011596674],[87.46375274658214,27.44730377197277],[87.4469757080081,27.405920028686467],[87.4610214233399,27.37137222290039],[87.51918029785156,27.296560287475643],[87.48214721679705,27.24983215332037],[87.46984100341803,27.216899871826172],[87.47257995605463,27.197513580322322],[87.45368957519526,27.17912101745617],[87.42274475097668,27.176013946533317],[87.40857696533209,27.1556339263916],[87.40932464599615,27.135997772216797],[87.37676239013678,27.166942596435547],[87.37825012207037,27.179616928100643],[87.36856079101568,27.187696456909293],[87.31586456298834,27.18222808837902],[87.28778076171892,27.189931869506893],[87.26566314697283,27.17713165283203],[87.24950408935553,27.19117546081543],[87.23993682861345,27.21702384948736],[87.20513916015653,27.245731353759822],[87.20675659179688,27.26002311706543],[87.19966888427751,27.264123916625977],[87.21222686767572,27.267976760864258],[87.20389556884766,27.301530838012695],[87.18476104736322,27.315200805664062],[87.19371032714872,27.326757431030387],[87.18699645996105,27.336202621460018],[87.19470214843767,27.35210990905773],[87.1275939941408,27.401943206787166],[87.13256072998047,27.40815734863287],[87.12672424316418,27.4274196624757],[87.14039611816412,27.452398300170955],[87.1114349365235,27.463211059570312],[87.09652709960943,27.455257415771598],[87.07453155517578,27.45960617065441],[87.05936431884771,27.44071769714361],[87.0445785522461,27.44767570495617],[87.01177215576172,27.435869216919002],[86.94267272949247,27.458860397338924],[86.95037841796892,27.474891662597656],[86.96541595458979,27.483219146728572],[86.94515991210966,27.51254653930664],[86.95050048828153,27.527584075927734],[86.96914672851568,27.54150199890148],[86.96839904785162,27.56126213073736],[86.95597076416021,27.572074890136832],[86.95622253417997,27.604385375976562],[86.98616790771513,27.646017074585075],[86.98940277099638,27.684913635253963],[87.0106506347658,27.72567558288597],[86.98132324218756,27.750034332275618],[86.98554992675787,27.791168212890682],[87.01264190673834,27.81453132629406],[86.99996185302751,27.824350357055664],[86.97920989990234,27.825592041015568],[86.99325561523432,27.84535217285162],[86.97001647949236,27.906494140625],[86.98355865478533,27.919668197631893],[86.98554992675787,27.948623657226733]]]}},{"type":"Feature","properties":{"district":"Saptari","district_key":"SAPTARI","zone":"Sagarmatha","region":"East","households":121064,"population":637844,"male_population":312567,"female_population":325277,"sex_ratio":96.1,"area_km2":1281.1,"pop_density":497.9,"literacy_rate":54.39,"female_literacy_rate":42.54,"male_literacy_rate":66.85,"electricity_lighting_pct":41.92,"flush_toilet_pct":12.83,"improved_water_pct":96.29,"school_attendance_pct":59.13,"mobile_phone_hh_pct":51.13,"internet_hh_pct":0.31,"lpg_cooking_pct":4.14,"wood_cooking_pct":34.04,"vdc_count":115},"geometry":{"type":"Polygon","coordinates":[[[86.56661987304705,26.790641784668082],[86.56935882568365,26.78057479858404],[86.58029174804716,26.78392982482916],[86.5796737670899,26.77535629272461],[86.55556488037126,26.746274948120174],[86.57631683349604,26.73919296264654],[86.57444763183611,26.722042083740348],[86.58898925781256,26.695943832397518],[86.60427856445318,26.699548721313477],[86.6127243041995,26.688861846923942],[86.61869049072283,26.694702148437614],[86.62975311279314,26.68973159790039],[86.63658905029291,26.69818115234375],[86.65895843505876,26.69109725952154],[86.66728210449247,26.704147338867244],[86.68692016601591,26.687742233276424],[86.70866394042997,26.706756591796875],[86.73612976074247,26.71172714233404],[86.75551605224615,26.694826126098633],[86.75527191162126,26.68587875366211],[86.77825927734403,26.702281951904297],[86.82572937011724,26.713964462280273],[86.84014892578142,26.70911788940424],[86.8428802490235,26.691471099853572],[86.85058593749994,26.69097328186035],[86.86811065673857,26.700294494628906],[86.87307739257841,26.711977005004883],[86.88749694824224,26.711851119995117],[86.9135971069336,26.739564895629996],[86.91123199462919,26.758951187133846],[86.92316436767584,26.766035079956055],[86.93496704101568,26.740310668945256],[86.95124816894543,26.731859207153377],[86.96939086914091,26.73546409606945],[86.9930038452149,26.697809219360465],[87.01239013671892,26.710485458374137],[87.01586914062506,26.670469284057617],[86.99349975585955,26.64921760559082],[86.98132324218756,26.624860763549748],[86.99188232421903,26.605598449707145],[86.9846801757812,26.58720588684082],[86.99474334716825,26.571794509887695],[86.96603393554705,26.544206619262752],[86.92676544189459,26.523452758789233],[86.91868591308588,26.50108337402355],[86.89411163330095,26.485786437988338],[86.89641571044939,26.461715698242415],[86.87532043457037,26.453735351562557],[86.86338806152361,26.457214355468864],[86.84536743164068,26.439928054809684],[86.77151489257818,26.459093093872127],[86.74644470214838,26.434597015380973],[86.7491760253908,26.428003311157283],[86.73262023925787,26.422214508056754],[86.7225875854495,26.434619903564567],[86.70220184326166,26.437082290649357],[86.69574737548845,26.450883865356445],[86.63630676269537,26.46502113342291],[86.62341308593778,26.483810424804688],[86.57277679443365,26.496894836425895],[86.54421997070324,26.538114547729492],[86.50112915039091,26.54159736633295],[86.4883270263673,26.549427032470817],[86.49877166748053,26.560113906860295],[86.4965286254884,26.57763671875],[86.51529693603516,26.601993560791016],[86.50087738037115,26.657295227050895],[86.51243591308594,26.69805717468273],[86.50498199462885,26.723035812378043],[86.51318359374994,26.736581802368164],[86.5310821533206,26.744783401489258],[86.52250671386747,26.760194778442326],[86.52747344970732,26.784799575805607],[86.55009460449224,26.781568527221737],[86.56661987304705,26.790641784668082]]]}},{"type":"Feature","properties":{"district":"Sarlahi","district_key":"SARLAHI","zone":"Janakpur","region":"Central","households":132803,"population":769330,"male_population":389426,"female_population":379904,"sex_ratio":102.5,"area_km2":1264.4,"pop_density":608.5,"literacy_rate":46.27,"female_literacy_rate":36.59,"male_literacy_rate":55.72,"electricity_lighting_pct":46.58,"flush_toilet_pct":17.46,"improved_water_pct":89.96,"school_attendance_pct":49.69,"mobile_phone_hh_pct":49.26,"internet_hh_pct":0.37,"lpg_cooking_pct":3.97,"wood_cooking_pct":64.49,"vdc_count":100},"geometry":{"type":"Polygon","coordinates":[[[85.72516632080084,27.194778442382926],[85.81812286376982,27.160976409912053],[85.79550170898455,27.136991500854435],[85.79985046386719,27.094366073608455],[85.78879547119158,27.0922527313233],[85.78394317626964,27.07324028015148],[85.75002288818388,27.03421783447277],[85.73287200927763,26.963380813598633],[85.70789337158197,26.919761657714957],[85.71211242675781,26.904352188110465],[85.67843627929693,26.864086151123104],[85.68254089355469,26.84296035766613],[85.64461517334001,26.852914810180664],[85.63668823242193,26.871902465820426],[85.62622070312528,26.87341499328619],[85.58751678466825,26.84696006774908],[85.57765197753923,26.860731124877987],[85.56792449951189,26.840734481811637],[85.55991363525408,26.843715667724666],[85.5556259155274,26.83402824401861],[85.54508972167974,26.837865829467887],[85.52211761474604,26.814115524291992],[85.49997711181669,26.811891555786133],[85.49831390380876,26.798114776611385],[85.48159027099615,26.801950454712028],[85.48011779785185,26.793218612670955],[85.45481872558611,26.78169822692871],[85.40963745117205,26.791137695312557],[85.37711334228527,26.760616302490178],[85.36352539062506,26.763051986694393],[85.33631896972685,26.74141502380388],[85.32798767089861,26.74453544616722],[85.33544158935564,26.760070800781307],[85.3532104492188,26.762804031372355],[85.34774780273466,26.77523231506359],[85.33184051513678,26.776847839355526],[85.34227752685564,26.789150238037166],[85.32376098632807,26.80431175231945],[85.3387985229495,26.835130691528434],[85.35494995117193,26.842214584350643],[85.34426879882818,26.857749938964957],[85.39235687255865,26.880491256713867],[85.39720916748047,26.891427993774414],[85.38825988769548,26.918022155761832],[85.40093231201178,26.94150924682623],[85.40341949462896,26.983638763427734],[85.38800811767607,27.008493423462028],[85.43598175048834,27.067026138305778],[85.43461608886736,27.08628845214855],[85.49028778076172,27.138607025146598],[85.49214935302763,27.154266357421875],[85.51551818847662,27.14171409606945],[85.53303527832048,27.140720367431754],[85.53887939453153,27.148550033569393],[85.54907226562517,27.140346527099723],[85.57118988037126,27.143205642700195],[85.57330322265625,27.136743545532227],[85.58299255371111,27.143577575683594],[85.6309661865235,27.137115478515682],[85.70117950439482,27.185955047607365],[85.72516632080084,27.194778442382926]]]}},{"type":"Feature","properties":{"district":"Sindhuli","district_key":"SINDHULI","zone":"Janakpur","region":"Central","households":57544,"population":293173,"male_population":139401,"female_population":153772,"sex_ratio":90.7,"area_km2":2482.0,"pop_density":118.1,"literacy_rate":60.11,"female_literacy_rate":52.01,"male_literacy_rate":69.19,"electricity_lighting_pct":37.87,"flush_toilet_pct":22.28,"improved_water_pct":67.15,"school_attendance_pct":68.95,"mobile_phone_hh_pct":45.19,"internet_hh_pct":0.41,"lpg_cooking_pct":5.0,"wood_cooking_pct":90.96,"vdc_count":54},"geometry":{"type":"Polygon","coordinates":[[[85.82383728027372,27.45078277587902],[85.86932373046875,27.418844223022575],[85.9202728271485,27.40877914428711],[85.94823455810547,27.379947662353516],[85.96364593505888,27.387155532836914],[85.97955322265642,27.370626449585075],[85.98551940917974,27.335704803466797],[86.00006103515653,27.337196350097713],[86.02379608154314,27.308614730835075],[86.03311157226562,27.308986663818303],[86.05722045898443,27.287984848022518],[86.07624053955095,27.291339874267635],[86.07785034179693,27.277793884277287],[86.09288787841803,27.268722534179744],[86.11476135253923,27.27232551574707],[86.12942504882807,27.264621734619197],[86.1515502929687,27.242252349853516],[86.15925598144537,27.252193450927734],[86.19380187988287,27.254928588867188],[86.23158264160162,27.23703193664545],[86.26836395263678,27.26076889038086],[86.2689895629884,27.253313064575252],[86.29843902587908,27.237777709960938],[86.34329986572266,27.228706359863338],[86.34590911865229,27.202608108520565],[86.38232421875028,27.192169189453125],[86.39226531982422,27.179616928100643],[86.37052154541016,27.140596389770565],[86.3457870483399,27.147058486938477],[86.32863616943365,27.110645294189453],[86.30875396728533,27.108533859253043],[86.3265228271485,27.09871482849121],[86.34355163574224,27.10617256164562],[86.36479949951172,27.099586486816463],[86.3490219116211,27.06441688537592],[86.36566925048834,27.05372810363764],[86.36914825439482,27.037448883056697],[86.38468170166033,27.031980514526424],[86.35535430908209,26.964252471923885],[86.31869506835938,26.963256835937614],[86.285888671875,26.948841094970817],[86.26202392578142,26.918767929077262],[86.25780487060547,26.932064056396598],[86.18994903564453,26.98214721679699],[86.12756347656267,27.00700187683111],[86.09077453613287,27.018808364868278],[86.01459503173822,27.018310546875057],[85.99135589599626,27.02651214599615],[85.97247314453142,27.052236557006893],[85.96439361572294,27.079578399658203],[85.9466171264649,27.091506958007812],[85.94040679931635,27.121084213256893],[85.88523101806652,27.14606475830078],[85.86534881591803,27.126676559448356],[85.83812713623075,27.146560668945426],[85.8458328247072,27.159608840942383],[85.83203887939482,27.167190551757812],[85.81128692626953,27.161350250244084],[85.72777557373064,27.19453048706066],[85.69720458984403,27.183843612670955],[85.63345336914074,27.137613296508903],[85.49848937988281,27.146188735962028],[85.49214935302763,27.154266357421875],[85.5058212280274,27.16246795654297],[85.5045776367187,27.174274444580192],[85.49252319335966,27.17116737365734],[85.48283386230463,27.180114746093864],[85.49463653564482,27.18682479858404],[85.49028778076172,27.197885513305778],[85.5126571655274,27.19825935363781],[85.50370788574224,27.207828521728572],[85.50607299804716,27.221994400024414],[85.49388885498041,27.220006942749023],[85.49414062500017,27.249336242675895],[85.48345184326189,27.268598556518498],[85.43659973144537,27.286865234375057],[85.4216918945313,27.31880378723156],[85.42914581298834,27.330858230590934],[85.44940185546886,27.33495903015148],[85.45114135742216,27.349374771118107],[85.4720230102539,27.360187530517635],[85.47438049316418,27.37211799621582],[85.49997711181669,27.374975204467887],[85.51253509521496,27.364662170410213],[85.50607299804716,27.356832504272518],[85.51576232910162,27.350370407104606],[85.53552246093767,27.356458663940487],[85.56012725830095,27.33980751037609],[85.61418914794933,27.34266471862793],[85.63916778564459,27.35285568237299],[85.65308380126959,27.333219528198356],[85.68241119384771,27.344902038574332],[85.6916122436524,27.336824417114258],[85.70639801025408,27.34564781188959],[85.69869232177746,27.372365951538086],[85.7180786132813,27.407287597656364],[85.7295150756836,27.411760330200195],[85.77574157714855,27.39796638488781],[85.79326629638678,27.443202972412223],[85.80544281005865,27.43848037719738],[85.82383728027372,27.45078277587902]]]}},{"type":"Feature","properties":{"district":"Sindhupalchok","district_key":"SINDHUPALCHOK","zone":"Bagmati","region":"Central","households":66635,"population":285770,"male_population":136663,"female_population":149107,"sex_ratio":91.7,"area_km2":2488.7,"pop_density":114.8,"literacy_rate":59.3,"female_literacy_rate":51.78,"male_literacy_rate":67.58,"electricity_lighting_pct":88.28,"flush_toilet_pct":35.32,"improved_water_pct":81.84,"school_attendance_pct":68.67,"mobile_phone_hh_pct":59.34,"internet_hh_pct":0.59,"lpg_cooking_pct":5.94,"wood_cooking_pct":92.15,"vdc_count":79},"geometry":{"type":"Polygon","coordinates":[[[85.83079528808594,28.18461799621599],[85.85067749023443,28.183111190796183],[85.85292053222656,28.16709709167509],[85.87367248535173,28.144353866577205],[85.87217712402361,28.122980117797965],[85.90013885498075,28.108314514160156],[85.90200805664074,28.053634643554744],[85.91632080078153,28.049314498901367],[85.93730163574247,28.023685455322436],[85.97940063476568,27.99646949768072],[85.98067474365251,27.987646102905387],[85.95059967041021,27.941787719726562],[86.00291442871122,27.911092758178768],[86.01609039306669,27.91482162475586],[86.06741333007841,27.89951515197754],[86.05014038085938,27.885864257812443],[86.02727508544928,27.845848083496094],[86.00502777099638,27.829320907592887],[86.0223007202149,27.80869102478033],[86.02851867675776,27.78532791137701],[86.02217864990246,27.772153854370117],[86.03646850585943,27.75637245178234],[86.03261566162115,27.742080688476562],[86.00589752197271,27.744689941406364],[85.97955322265642,27.735120773315543],[85.96339416503912,27.741956710815543],[85.93965911865234,27.710763931274528],[85.94152832031278,27.668882369995174],[85.92039489746094,27.662794113159293],[85.91294097900385,27.63681983947754],[85.89343261718761,27.624269485473633],[85.88734436035185,27.610475540161246],[85.86932373046875,27.628742218017635],[85.8445892333985,27.625885009765568],[85.8211059570313,27.642786026000977],[85.82421112060575,27.65533828735363],[85.81488800048857,27.668758392333984],[85.79389190673857,27.664781570434627],[85.73696899414068,27.676464080810604],[85.72702789306658,27.662048339843807],[85.70764160156256,27.656082153320312],[85.71025085449219,27.653348922729492],[85.70838928222662,27.641418457031307],[85.68154144287138,27.700572967529297],[85.6569366455081,27.719959259033317],[85.61592864990263,27.732883453369197],[85.60586547851562,27.74854278564453],[85.55640411376964,27.74891471862793],[85.55229949951189,27.75662040710455],[85.56609344482428,27.754632949829215],[85.56795501709001,27.764200210571403],[85.5341567993164,27.791790008544922],[85.47562408447283,27.77774620056158],[85.47003173828153,27.797008514404354],[85.45101928710955,27.817390441894474],[85.45362854003935,27.850322723388672],[85.47251892089872,27.868963241577205],[85.4707794189456,27.881515502929688],[85.48991394042986,27.919668197631893],[85.48084259033209,27.959186553955192],[85.49426269531278,27.972980499267578],[85.48954010009783,27.992366790771598],[85.49948120117205,28.030021667480582],[85.48159027099615,28.05512619018566],[85.44418334960943,28.082342147827205],[85.47512817382818,28.10471153259283],[85.49153137207037,28.105581283569336],[85.4976196289063,28.122108459472713],[85.49264526367193,28.138513565063533],[85.50520324707048,28.151561737060604],[85.52906036376959,28.157154083252067],[85.53502655029303,28.166847229003906],[85.55988311767572,28.16709709167492],[85.58647155761724,28.15317726135254],[85.603500366211,28.158147811889762],[85.61530303955084,28.1503200531007],[85.61692047119135,28.134412765502987],[85.62873077392607,28.129192352294922],[85.65333557128935,28.15118980407715],[85.71509552001964,28.161752700805664],[85.7216873168947,28.173931121826286],[85.78083801269537,28.173931121826286],[85.81736755371122,28.202903747558594],[85.83079528808594,28.18461799621599]]]}},{"type":"Feature","properties":{"district":"Siraha","district_key":"SIRAHA","zone":"Sagarmatha","region":"East","households":117929,"population":635627,"male_population":308511,"female_population":327116,"sex_ratio":94.3,"area_km2":1138.7,"pop_density":558.2,"literacy_rate":50.06,"female_literacy_rate":39.18,"male_literacy_rate":61.74,"electricity_lighting_pct":67.27,"flush_toilet_pct":13.29,"improved_water_pct":90.07,"school_attendance_pct":56.68,"mobile_phone_hh_pct":56.43,"internet_hh_pct":0.32,"lpg_cooking_pct":3.53,"wood_cooking_pct":36.59,"vdc_count":108},"geometry":{"type":"Polygon","coordinates":[[[86.18038177490251,26.900001525878906],[86.2298431396485,26.880367279052848],[86.24935150146513,26.86359024047863],[86.2908554077149,26.88633155822754],[86.36766052246094,26.872039794921932],[86.3851852416995,26.90807914733898],[86.40581512451172,26.909446716308707],[86.45427703857439,26.888444900512752],[86.4819946289063,26.888196945190487],[86.4823608398438,26.870674133300838],[86.50709533691406,26.85576057434082],[86.5149230957033,26.840103149414062],[86.52014160156256,26.84296035766613],[86.52201080322283,26.831153869628906],[86.55419158935541,26.835130691528434],[86.55580902099615,26.81450271606451],[86.52536010742216,26.77808952331543],[86.52250671386747,26.760194778442326],[86.5310821533206,26.744783401489258],[86.51318359374994,26.736581802368164],[86.50498199462885,26.723035812378043],[86.51243591308594,26.69805717468273],[86.50087738037115,26.657295227050895],[86.51529693603516,26.601993560791016],[86.4965286254884,26.57763671875],[86.49877166748053,26.560113906860295],[86.4883270263673,26.549427032470817],[86.4578857421875,26.567817687988338],[86.39733886718756,26.584857940673885],[86.39723968505876,26.595283508300838],[86.34329986572266,26.605722427368164],[86.34656524658209,26.61590385437006],[86.33003997802763,26.6191539764406],[86.29521179199236,26.612930297851562],[86.25457000732439,26.6167831420899],[86.23681640625,26.590415954589844],[86.21961212158232,26.588109970092773],[86.19941711425776,26.593299865722656],[86.19454956054693,26.61442184448248],[86.17391967773455,26.6168155670166],[86.14894104003906,26.608455657958984],[86.15763854980497,26.625606536865234],[86.15477752685575,26.638654708862305],[86.16795349121088,26.63877868652355],[86.1724243164063,26.651952743530217],[86.19902038574247,26.66661643981945],[86.20249938964861,26.684885025024414],[86.17690277099638,26.74814033508312],[86.16471862792969,26.749879837036246],[86.15017700195341,26.7701358795166],[86.15738677978521,26.843830108642578],[86.13339996337919,26.891178131103572],[86.13588714599638,26.91640663146967],[86.1609954833985,26.934177398681754],[86.15925598144537,26.917028427124137],[86.18038177490251,26.900001525878906]]]}},{"type":"Feature","properties":{"district":"Solukhumbu","district_key":"SOLUKHUMBU","zone":"Sagarmatha","region":"East","households":23758,"population":105119,"male_population":50571,"female_population":54548,"sex_ratio":92.7,"area_km2":3354.7,"pop_density":31.3,"literacy_rate":64.02,"female_literacy_rate":55.66,"male_literacy_rate":73.1,"electricity_lighting_pct":62.79,"flush_toilet_pct":22.32,"improved_water_pct":89.21,"school_attendance_pct":70.66,"mobile_phone_hh_pct":44.39,"internet_hh_pct":0.69,"lpg_cooking_pct":0.38,"wood_cooking_pct":95.54,"vdc_count":34},"geometry":{"type":"Polygon","coordinates":[[[86.57880401611328,28.112665176391715],[86.60489654541044,28.101728439330998],[86.61071777343756,28.075716018676758],[86.63791656494135,28.070423126220703],[86.66032409667974,28.08085060119646],[86.6650466918947,28.096881866455192],[86.69151306152338,28.108438491821573],[86.74071502685575,28.103614807128963],[86.75328063964872,28.08109855651867],[86.767318725586,28.074415206909293],[86.74931335449213,28.050315856933594],[86.75541687011713,28.03771591186529],[86.7758178710937,28.037811279296932],[86.7925491333009,28.018712997436637],[86.8051147460938,28.023315429687557],[86.83828735351568,28.01511001586914],[86.85441589355469,28.027416229248104],[86.86981964111357,28.02501487731945],[86.89234161376982,27.996717453002987],[86.92775726318365,27.987646102905387],[86.93596649169928,27.962299346923828],[86.98554992675787,27.948623657226733],[86.98355865478533,27.919668197631893],[86.97001647949236,27.906494140625],[86.99325561523432,27.84535217285162],[86.97920989990234,27.825592041015568],[86.99996185302751,27.824350357055664],[87.01264190673834,27.81453132629406],[86.98554992675787,27.791168212890682],[86.98865509033232,27.780357360839957],[86.98194122314459,27.775012969970703],[86.98132324218756,27.750034332275447],[87.0106506347658,27.7256755828858],[86.98940277099638,27.684913635253963],[86.98616790771513,27.646017074585075],[86.95622253417997,27.604385375976562],[86.95597076416021,27.572074890136832],[86.96839904785162,27.56126213073736],[86.96914672851568,27.54150199890148],[86.95050048828153,27.527584075927734],[86.94515991210966,27.51254653930664],[86.96541595458979,27.483219146728572],[86.95037841796892,27.474891662597656],[86.94267272949247,27.4502849578858],[86.90850067138678,27.433135986328182],[86.87370300292986,27.42791748046875],[86.86164855957026,27.43512535095215],[86.83480072021501,27.43127250671398],[86.82485961914062,27.43984603881836],[86.80622100830084,27.41511726379406],[86.79106140136747,27.407163619995174],[86.77365875244146,27.41138839721691],[86.75415039062506,27.39423751831049],[86.69039916992205,27.393119812011776],[86.68356323242205,27.390386581420955],[86.68095397949224,27.353227615356445],[86.65970611572283,27.33943367004406],[86.57321166992199,27.340427398681754],[86.56687164306646,27.365282058715877],[86.51219177246122,27.410518646240234],[86.50336456298834,27.426301956176758],[86.4724197387697,27.422449111938477],[86.4627304077149,27.434129714965877],[86.4698104858399,27.445314407348576],[86.45688629150419,27.454261779785156],[86.44135284423834,27.485704421997184],[86.42556762695318,27.48719596862793],[86.40382385253912,27.51677322387701],[86.37772369384794,27.515653610229492],[86.35796356201189,27.5259685516358],[86.37995910644537,27.56871795654297],[86.41587829589872,27.58649063110363],[86.43712615966814,27.609977722168026],[86.49491882324236,27.613456726074332],[86.50225067138683,27.62004280090332],[86.50958251953142,27.640300750732422],[86.52859497070341,27.65011787414562],[86.54039764404308,27.670001983642692],[86.5423889160158,27.700696945190487],[86.55332183837896,27.71063995361328],[86.56525421142572,27.749040603637752],[86.57519531250017,27.754383087158203],[86.56637573242216,27.76929664611822],[86.56910705566423,27.803968429565543],[86.54276275634783,27.814655303955078],[86.55655670166021,27.85690879821783],[86.55705261230463,27.90761375427246],[86.55021667480486,27.93023109436058],[86.53617095947271,27.941911697387752],[86.52462005615229,27.939800262451172],[86.5147094726562,27.96802711486822],[86.52250671386747,27.974100112915266],[86.51529693603533,27.984539031982536],[86.52391815185564,28.019615173339844],[86.53381347656267,28.026916503906307],[86.53801727294939,28.04991531372076],[86.55131530761747,28.050516128539982],[86.56774139404297,28.068796157837028],[86.56101989746122,28.07761573791521],[86.56922912597685,28.091661453247355],[86.56404113769537,28.102489471435547],[86.57880401611328,28.112665176391715]]]}},{"type":"Feature","properties":{"district":"Sunsari","district_key":"SUNSARI","zone":"Koshi","region":"East","households":162279,"population":753244,"male_population":362551,"female_population":390693,"sex_ratio":92.8,"area_km2":1191.8,"pop_density":632.0,"literacy_rate":68.04,"female_literacy_rate":60.33,"male_literacy_rate":76.44,"electricity_lighting_pct":81.72,"flush_toilet_pct":42.67,"improved_water_pct":96.83,"school_attendance_pct":65.93,"mobile_phone_hh_pct":69.49,"internet_hh_pct":1.99,"lpg_cooking_pct":28.95,"wood_cooking_pct":35.73,"vdc_count":52},"geometry":{"type":"Polygon","coordinates":[[[87.25547027587902,26.86943054199213],[87.301078796387,26.87390518188488],[87.32630920410173,26.85389709472662],[87.35004425048834,26.84929847717285],[87.35638427734403,26.838735580444336],[87.34880065917969,26.814376831054688],[87.32605743408232,26.78728675842285],[87.34184265136724,26.736831665039176],[87.28753662109403,26.65704727172846],[87.30356597900419,26.62995529174799],[87.30331420898443,26.615041732788143],[87.28778076171892,26.591554641723746],[87.29374694824224,26.576145172119254],[87.28653717041021,26.558746337890625],[87.2692642211914,26.548929214477596],[87.26329803466825,26.53401565551752],[87.25646209716825,26.536128997802678],[87.24839019775396,26.519723892211914],[87.25659179687506,26.519475936889705],[87.24105834960955,26.4696426391601],[87.24950408935553,26.453113555908317],[87.24761199951178,26.413988113403434],[87.23123931884777,26.413347244262752],[87.22142028808611,26.402915954590014],[87.21381378173828,26.41284942626953],[87.18883514404303,26.41396141052246],[87.19147491455095,26.405109405517578],[87.16501617431646,26.403816223144645],[87.0939178466798,26.450016021728572],[87.07511901855486,26.541614532470817],[87.07427978515653,26.58546638488764],[87.04730987548834,26.58695602416998],[87.04483032226568,26.56794357299816],[87.01771545410173,26.531814575195426],[86.93509674072266,26.516492843628043],[86.93222808837885,26.489316940307617],[86.90650939941423,26.487911224365234],[86.93571472167986,26.533269882202262],[86.96603393554705,26.544206619262752],[86.99474334716825,26.571794509887695],[86.9846801757812,26.58720588684082],[86.99188232421903,26.605598449707145],[86.98132324218756,26.624860763549748],[86.99349975585955,26.64921760559082],[87.01586914062506,26.670469284057617],[87.01239013671892,26.710485458374137],[87.03575134277372,26.748636245727596],[87.04582214355474,26.755968093872184],[87.06657409667974,26.744039535522575],[87.10721588134771,26.754104614257812],[87.14437103271501,26.814998626708984],[87.16052246093778,26.875022888183594],[87.18177795410162,26.876886367797965],[87.22042846679682,26.863216400146598],[87.236083984375,26.87837791442871],[87.25547027587902,26.86943054199213]]]}},{"type":"Feature","properties":{"district":"Surkhet","district_key":"SURKHET","zone":"Bheri","region":"Mid-Western","households":72830,"population":343318,"male_population":162672,"female_population":180646,"sex_ratio":90.1,"area_km2":2486.4,"pop_density":138.1,"literacy_rate":72.51,"female_literacy_rate":64.79,"male_literacy_rate":81.26,"electricity_lighting_pct":43.55,"flush_toilet_pct":43.05,"improved_water_pct":66.24,"school_attendance_pct":71.32,"mobile_phone_hh_pct":59.5,"internet_hh_pct":1.03,"lpg_cooking_pct":12.51,"wood_cooking_pct":85.3,"vdc_count":51},"geometry":{"type":"Polygon","coordinates":[[[81.04974365234403,28.977857589721737],[81.12094879150408,28.96344184875494],[81.17090606689453,28.92106437683117],[81.20520782470732,28.90826416015625],[81.23838806152372,28.905902862548885],[81.24745941162115,28.91510009765625],[81.2678451538086,28.902547836303768],[81.2852401733399,28.92156219482422],[81.30425262451189,28.92553901672369],[81.33718872070341,28.90751838684082],[81.34861755371122,28.890245437622127],[81.376205444336,28.89273071289074],[81.41635131835966,28.91410446166998],[81.46593475341825,28.894346237182674],[81.46518707275385,28.852464675903377],[81.49227905273432,28.840908050537223],[81.499984741211,28.821147918701172],[81.52409362792997,28.80325317382824],[81.51725769042963,28.780385971069336],[81.53676605224626,28.761249542236328],[81.52173614501959,28.749443054199276],[81.54820251464861,28.748945236206055],[81.57703399658209,28.712409973144588],[81.60300445556646,28.707065582275334],[81.61804199218756,28.689790725708065],[81.63233947753906,28.691530227661246],[81.64103698730497,28.67637062072754],[81.6770782470706,28.67897987365717],[81.70342254638666,28.66095924377447],[81.77873229980497,28.633371353149528],[81.7855682373048,28.636850357055664],[81.78419494628912,28.651763916015682],[81.81228637695341,28.679601669311637],[81.80905151367216,28.694265365600643],[81.8218536376956,28.723966598510742],[81.84745025634783,28.709674835205135],[81.86981964111334,28.663942337036133],[81.88871002197271,28.642940521240348],[81.9494857788086,28.636104583740348],[82.0101318359375,28.645177841186523],[82.0423126220706,28.64169692993164],[82.02951812744152,28.63970947265625],[82.02516174316435,28.61224365234375],[82.00602722167974,28.613363265991268],[82.01348114013678,28.59596443176281],[81.99596405029325,28.56986808776861],[82.02056884765653,28.54116058349615],[82.0201950073245,28.52761459350586],[82.02938842773432,28.5174236297608],[82.02243041992193,28.51145935058605],[82.02703094482428,28.499031066894645],[82.01087188720732,28.478525161743107],[82.01223754882812,28.46796226501465],[81.992729187012,28.46187400817871],[81.98763275146484,28.44658851623541],[81.96302795410156,28.447084426879883],[81.96377563476557,28.42483901977539],[81.97595214843778,28.404458999633903],[81.99173736572271,28.395263671875114],[81.97893524169928,28.386812210083008],[81.98316192626959,28.36295127868658],[81.93879699707031,28.33710289001465],[81.81092071533209,28.38967132568365],[81.78233337402355,28.390789031982536],[81.77027893066412,28.384202957153377],[81.768539428711,28.37003517150879],[81.73399353027361,28.377490997314453],[81.7037963867187,28.393646240234375],[81.69012451171892,28.410423278808594],[81.66017150878923,28.415271759033203],[81.55913543701178,28.494930267334098],[81.54061889648443,28.494558334350643],[81.51403045654297,28.524133682250977],[81.4778671264649,28.539669036865234],[81.46791839599626,28.5533390045166],[81.44741821289091,28.55396080017084],[81.42355346679699,28.581300735473746],[81.42666625976557,28.58701705932623],[81.40267944335955,28.60677719116211],[81.31804656982428,28.636726379394645],[81.31195831298834,28.651018142700252],[81.32289123535185,28.667547225952205],[81.28710174560564,28.673263549804688],[81.28287506103533,28.69501113891613],[81.26821136474626,28.704082489013672],[81.27417755126959,28.726949691772404],[81.25789642334001,28.72993087768566],[81.26287078857439,28.745714187622184],[81.24882507324224,28.761123657226676],[81.24895477294939,28.7805118560791],[81.22757720947283,28.795051574707145],[81.24398040771501,28.809839248657227],[81.23167419433605,28.81667518615734],[81.23540496826189,28.829847335815487],[81.20793914794939,28.850353240966797],[81.20893859863287,28.861413955688533],[81.20185089111328,28.86240768432623],[81.19688415527361,28.832954406738338],[81.20843505859403,28.8251247406007],[81.2050857543947,28.81667518615734],[81.17588043212908,28.834943771362305],[81.15475463867193,28.830345153808707],[81.15947723388689,28.844263076782283],[81.14505767822271,28.872970581054688],[81.13114166259771,28.86563873291027],[81.12778472900385,28.8515949249267],[81.10417175292986,28.844760894775504],[81.09087371826178,28.862779617309627],[81.0745925903322,28.864768981933594],[81.07397460937528,28.876699447631836],[81.05322265625,28.876823425293026],[81.02289581298828,28.919822692871207],[80.98275756835943,28.938711166381836],[81.00350952148443,28.95660591125494],[81.02252197265642,28.952754974365234],[81.04974365234403,28.977857589721737]]]}},{"type":"Feature","properties":{"district":"Syangja","district_key":"SYANGJA","zone":"Gandaki","region":"West","households":68856,"population":288100,"male_population":124871,"female_population":163229,"sex_ratio":76.5,"area_km2":1037.9,"pop_density":277.6,"literacy_rate":76.53,"female_literacy_rate":69.55,"male_literacy_rate":85.96,"electricity_lighting_pct":86.52,"flush_toilet_pct":54.07,"improved_water_pct":86.71,"school_attendance_pct":78.89,"mobile_phone_hh_pct":79.67,"internet_hh_pct":1.86,"lpg_cooking_pct":14.17,"wood_cooking_pct":82.09,"vdc_count":62},"geometry":{"type":"Polygon","coordinates":[[[83.80687713623064,28.2214031219483],[83.81867980957031,28.210218429565543],[83.8383178710937,28.21245574951172],[83.85807800292974,28.193815231323356],[83.87311553955084,28.197544097900447],[83.9002075195313,28.189962387085018],[83.90741729736345,28.176914215087947],[83.9256820678711,28.168214797973633],[83.92555999755865,28.149574279785213],[83.93276214599626,28.14360809326172],[83.98222351074224,28.14323616027832],[84.0045928955081,28.130931854248104],[84.00099182128935,28.12148857116705],[84.00695800781267,28.115772247314567],[83.9951477050783,28.108812332153377],[83.9971389770509,28.102226257324276],[83.96395874023449,28.087188720703182],[83.96109771728527,28.079359054565543],[83.9715423583985,28.07513427734375],[83.94171142578125,28.068298339843807],[83.94345092773455,28.060718536376953],[83.96395874023449,28.03971672058117],[83.98259735107428,28.037355422973576],[83.99739074707026,28.0467987060548],[84.00000000000011,28.033750534057674],[84.03404998779314,28.019334793090877],[83.98135375976591,27.99721336364746],[83.9829711914063,27.976957321167106],[83.9690551757813,27.95794296264654],[83.98023986816406,27.909975051879883],[83.95401763916021,27.889221191406307],[83.94271087646484,27.893817901611328],[83.94432067871122,27.875799179077205],[83.92680358886747,27.868093490600586],[83.91275787353533,27.872568130493164],[83.91226196289074,27.880023956298942],[83.87932586669916,27.888101577758846],[83.86267852783214,27.881515502929688],[83.86155700683622,27.87368583679205],[83.84614562988281,27.880769729614258],[83.84751129150408,27.86834335327154],[83.82302856445341,27.87753868103033],[83.808364868164,27.873313903808594],[83.76437377929688,27.90972518920904],[83.75915527343744,27.902891159057674],[83.74672698974638,27.907737731933707],[83.74510955810547,27.899908065796012],[83.7211303710938,27.920040130615348],[83.70024871826189,27.91680908203125],[83.69142913818388,27.92376899719244],[83.68508911132818,27.91618728637701],[83.67775726318376,27.927371978759766],[83.65663146972662,27.902269363403434],[83.63661956787115,27.899162292480582],[83.63562774658203,27.913825988769588],[83.62295532226591,27.917802810668945],[83.62779998779314,27.926006317138615],[83.57659912109403,27.930107116699162],[83.57249450683594,27.94265747070324],[83.55049896240229,27.927869796752987],[83.54055786132841,27.927621841430778],[83.53210449218756,27.938060760498047],[83.52465057373053,27.92439079284668],[83.50973510742205,27.94054603576666],[83.50799560546892,27.92836570739746],[83.48587799072283,27.922525405883732],[83.46251678466808,27.93420791625971],[83.44226074218756,27.932592391967773],[83.44511413574224,27.944025039672965],[83.46363067626959,27.953718185424748],[83.48339080810564,27.980562210083008],[83.52365875244158,27.96378517150879],[83.55199432373075,27.97658538818365],[83.57846069335943,27.974224090576286],[83.58728790283232,27.97869682312006],[83.58678436279314,27.987646102905387],[83.60567474365251,27.996593475341797],[83.60691833496122,28.01187896728527],[83.62916564941412,28.00529289245611],[83.634506225586,28.016477584838867],[83.65799713134771,28.011629104614258],[83.69540405273449,28.026666641235295],[83.69987487792986,28.03275680541998],[83.69055938720703,28.038101196289062],[83.69602203369135,28.052267074585075],[83.7146682739259,28.063079833984375],[83.70571899414091,28.090171813964844],[83.71939086914068,28.089921951294002],[83.73206329345732,28.101106643676758],[83.70733642578142,28.118381500244197],[83.7100677490235,28.128446578979492],[83.73243713378935,28.147708892822266],[83.76152038574224,28.14596939086914],[83.76810455322294,28.17045211791998],[83.758285522461,28.190086364746037],[83.78873443603516,28.199033737182617],[83.80687713623064,28.2214031219483]]]}},{"type":"Feature","properties":{"district":"Tanahu","district_key":"TANAHU","zone":"Gandaki","region":"West","households":78286,"population":320547,"male_population":140860,"female_population":179687,"sex_ratio":78.4,"area_km2":1572.2,"pop_density":203.9,"literacy_rate":74.62,"female_literacy_rate":67.92,"male_literacy_rate":83.39,"electricity_lighting_pct":77.09,"flush_toilet_pct":63.59,"improved_water_pct":80.76,"school_attendance_pct":73.03,"mobile_phone_hh_pct":74.7,"internet_hh_pct":1.53,"lpg_cooking_pct":22.32,"wood_cooking_pct":67.87,"vdc_count":47},"geometry":{"type":"Polygon","coordinates":[[[84.39779663085955,28.129566192626953],[84.44577026367216,28.10421371459961],[84.47982025146484,28.057983398437557],[84.46838378906256,28.050899505615348],[84.4594345092774,28.003677368164176],[84.42364501953153,27.97844886779785],[84.42277526855486,27.958440780639762],[84.5086517333985,27.92277336120617],[84.50355529785185,27.915441513061523],[84.54021453857416,27.91743087768549],[84.5475463867188,27.9046306610108],[84.54294586181658,27.875551223754996],[84.5609664916995,27.85777854919428],[84.55736541748075,27.83553504943859],[84.52468109130865,27.83230400085455],[84.51921081542997,27.815898895263786],[84.46826171875011,27.8242244720459],[84.46701812744158,27.81875801086437],[84.44788360595732,27.822982788085938],[84.43495941162126,27.81316566467291],[84.43595123291016,27.783090591430778],[84.46366119384771,27.772775650024528],[84.47360229492199,27.752395629882812],[84.45272827148455,27.75910568237316],[84.43917846679705,27.742576599121207],[84.42414093017584,27.741086959838867],[84.41979217529303,27.758733749389762],[84.37853240966814,27.77886581420904],[84.36884307861334,27.772651672363338],[84.36349487304693,27.75388717651373],[84.34249877929693,27.743944168090934],[84.32944488525419,27.747549057006836],[84.31776428222668,27.763082504272518],[84.31665039062528,27.784084320068473],[84.30310058593778,27.791168212890682],[84.30011749267595,27.80595779418951],[84.30770111084013,27.819005966186637],[84.29353332519537,27.837646484375],[84.2710418701173,27.83230400085455],[84.24444580078142,27.846345901489315],[84.22978210449224,27.84547615051264],[84.22754669189464,27.836404800415096],[84.21561431884783,27.846345901489315],[84.21138763427729,27.838640213012695],[84.2055435180664,27.852062225341797],[84.19299316406256,27.846345901489315],[84.17547607421886,27.852186203003043],[84.1593170166015,27.839385986328125],[84.15782165527361,27.848085403442496],[84.12625885009771,27.845600128173885],[84.12874603271496,27.859022140502987],[84.1189270019533,27.850694656372127],[84.11122131347685,27.861631393432617],[84.0986709594726,27.85777854919428],[84.10327148437517,27.865856170654354],[84.08040618896501,27.869461059570256],[84.05480194091791,27.848707199096737],[84.05082702636736,27.855915069580135],[84.04349517822277,27.849700927734432],[84.04138183593756,27.85703277587902],[84.02348327636747,27.861507415771598],[84.01913452148432,27.850944519043082],[83.97364807128912,27.872444152832088],[83.94792938232433,27.870702743530387],[83.94046783447271,27.880769729614258],[83.94271087646484,27.893817901611328],[83.95401763916021,27.889221191406307],[83.98023986816406,27.909975051879883],[83.9690551757813,27.95794296264654],[83.9829711914063,27.976957321167106],[83.98135375976591,27.99721336364746],[84.03404998779314,28.019334793090877],[84.00000000000011,28.033750534057674],[83.99739074707026,28.0467987060548],[83.98259735107428,28.037355422973576],[83.96395874023449,28.03971672058117],[83.94345092773455,28.060718536376953],[83.94171142578125,28.068298339843807],[83.9715423583985,28.07513427734375],[83.96097564697266,28.08358383178711],[83.99440765380865,28.099367141723633],[84.0004959106447,28.113410949706974],[84.02920532226591,28.105207443237305],[84.0279617309572,28.095888137817496],[84.0325546264649,28.099864959716854],[84.04933166503906,28.08420562744152],[84.06039428710938,28.088058471679688],[84.07183074951189,28.077495574951172],[84.10786437988298,28.110303878784123],[84.14601898193376,28.106203079223576],[84.16056060791021,28.09700584411621],[84.22107696533232,28.09973907470703],[84.23400878906256,28.078737258911076],[84.31167602539091,28.107072830200252],[84.3318099975586,28.12397384643566],[84.39779663085955,28.129566192626953]]]}},{"type":"Feature","properties":{"district":"Taplejung","district_key":"TAPLEJUNG","zone":"Mechi","region":"East","households":26306,"population":125718,"male_population":59262,"female_population":66456,"sex_ratio":89.2,"area_km2":3632.0,"pop_density":34.6,"literacy_rate":71.04,"female_literacy_rate":64.1,"male_literacy_rate":78.94,"electricity_lighting_pct":25.03,"flush_toilet_pct":18.08,"improved_water_pct":90.69,"school_attendance_pct":73.83,"mobile_phone_hh_pct":59.04,"internet_hh_pct":0.47,"lpg_cooking_pct":3.23,"wood_cooking_pct":95.5,"vdc_count":49},"geometry":{"type":"Polygon","coordinates":[[[87.83432006835943,27.952615737915323],[87.85951995849621,27.947715759277344],[87.85658264160173,27.928491592407227],[87.86851501464872,27.910615921020565],[87.93474578857439,27.917675018310547],[87.98744201660162,27.885740280151424],[88.00496673584001,27.8979167938233],[88.02411651611334,27.89631462097185],[88.03041839599621,27.905515670776367],[88.06711578369158,27.88611602783203],[88.08602905273455,27.89553451538086],[88.0984191894533,27.866975784302042],[88.13754272460938,27.881492614746264],[88.19891357421892,27.853515625000227],[88.20401000976591,27.842405319214095],[88.19013214111328,27.82509613037132],[88.1757202148438,27.820215225219783],[88.19992065429693,27.790529251098746],[88.18441772460955,27.774515151977482],[88.18121337890642,27.74681472778326],[88.16104888916021,27.740617752075195],[88.15071105957037,27.70200729370123],[88.15744781494152,27.690382003784237],[88.14725494384783,27.665403366088924],[88.12262725830095,27.645267486572266],[88.11631774902344,27.61034965515148],[88.0871353149414,27.589000701904297],[88.07781982421892,27.571815490722713],[88.08361816406256,27.564615249633846],[88.06163024902344,27.534791946411133],[88.06983947753912,27.52609252929699],[88.06002044677763,27.516716003418026],[88.06411743164068,27.511816024780273],[88.04633331298845,27.49576568603527],[88.046615600586,27.47841453552246],[88.07505798339855,27.445190429687557],[88.03640747070312,27.40803337097168],[88.00645446777344,27.328746795654354],[87.95276641845709,27.282392501831055],[87.89697265625,27.286119461059627],[87.87223815917974,27.278787612915153],[87.84229278564459,27.28587150573736],[87.78350830078142,27.27244949340826],[87.69875335693388,27.291091918945426],[87.68235015869169,27.270709991455078],[87.6538925170899,27.26785278320324],[87.60927581787121,27.28326225280773],[87.5549697875976,27.285747528076172],[87.51918029785156,27.296560287475643],[87.4610214233399,27.37137222290039],[87.4469757080081,27.405920028686467],[87.46375274658214,27.44730377197277],[87.46114349365234,27.47340011596674],[87.4733200073245,27.484958648681697],[87.47033691406267,27.505712509155273],[87.48972320556669,27.546224594116268],[87.48438262939482,27.566854476928825],[87.51532745361345,27.59866905212408],[87.53198242187506,27.594692230224723],[87.53720092773466,27.63147735595703],[87.54751586914091,27.63744163513195],[87.53483581542974,27.651981353759766],[87.54801177978521,27.659189224243164],[87.56056213378923,27.694358825683537],[87.57721710205084,27.69286727905279],[87.58231353759766,27.675842285156364],[87.59312438964838,27.681186676025447],[87.6099014282226,27.67460060119629],[87.61897277832037,27.688394546508846],[87.61772918701166,27.70430183410656],[87.62518310546875,27.711757659912223],[87.64196014404297,27.709770202636832],[87.64382934570341,27.730648040771598],[87.66632080078153,27.750034332275618],[87.65972900390642,27.761343002319563],[87.6798629760745,27.789552688598746],[87.66806030273466,27.806577682495174],[87.73601531982439,27.809314727783203],[87.7470016479495,27.83543205261242],[87.75601959228516,27.83561515808117],[87.76872253417974,27.859270095825195],[87.78127288818365,27.865608215332145],[87.7780380249024,27.87657928466797],[87.78724670410185,27.899105072021598],[87.81619262695318,27.921283721923828],[87.8272552490235,27.9199161529541],[87.83432006835943,27.952615737915323]]]}},{"type":"Feature","properties":{"district":"Terhathum","district_key":"TERHATHUM","zone":"Koshi","region":"East","households":22084,"population":100833,"male_population":46452,"female_population":54381,"sex_ratio":85.4,"area_km2":670.5,"pop_density":150.4,"literacy_rate":74.43,"female_literacy_rate":67.02,"male_literacy_rate":83.28,"electricity_lighting_pct":67.17,"flush_toilet_pct":25.41,"improved_water_pct":78.61,"school_attendance_pct":74.02,"mobile_phone_hh_pct":68.5,"internet_hh_pct":0.73,"lpg_cooking_pct":4.9,"wood_cooking_pct":94.15,"vdc_count":32},"geometry":{"type":"Polygon","coordinates":[[[87.51918029785156,27.296560287475643],[87.60927581787121,27.28326225280773],[87.6538925170899,27.26785278320324],[87.68235015869169,27.270709991455078],[87.74958038330095,27.223114013671875],[87.75405883789091,27.208076477050838],[87.72248840332048,27.189186096191463],[87.70857238769548,27.150165557861328],[87.64755249023443,27.13239479064947],[87.63674163818371,27.118350982666072],[87.5918807983399,27.099460601806697],[87.57311248779297,27.069759368896598],[87.53968811035185,27.045278549194336],[87.53558349609375,27.03434181213379],[87.54415893554705,27.02129364013672],[87.51457977294939,26.990846633911133],[87.486869812012,26.983016967773494],[87.48637390136719,26.975311279296875],[87.47096252441412,26.976057052612305],[87.46611785888689,26.967731475830192],[87.44126129150419,26.970838546753043],[87.44349670410162,27.006256103515625],[87.4330596923831,27.0139617919923],[87.42920684814459,27.046024322509766],[87.40360260009771,27.074234008789176],[87.39453125000028,27.102195739746094],[87.39727020263689,27.12307357788086],[87.40932464599615,27.135997772216797],[87.40857696533209,27.1556339263916],[87.42274475097668,27.176013946533317],[87.45368957519526,27.17912101745617],[87.47257995605463,27.197513580322322],[87.46984100341803,27.216899871826172],[87.4918365478515,27.264993667602596],[87.51918029785156,27.296560287475643]]]}},{"type":"Feature","properties":{"district":"Udayapur","district_key":"UDAYAPUR","zone":"Sagarmatha","region":"East","households":66514,"population":315429,"male_population":147761,"female_population":167668,"sex_ratio":88.1,"area_km2":2297.0,"pop_density":137.3,"literacy_rate":68.61,"female_literacy_rate":61.45,"male_literacy_rate":76.87,"electricity_lighting_pct":51.29,"flush_toilet_pct":29.52,"improved_water_pct":79.3,"school_attendance_pct":74.24,"mobile_phone_hh_pct":61.01,"internet_hh_pct":0.45,"lpg_cooking_pct":5.77,"wood_cooking_pct":91.14,"vdc_count":45},"geometry":{"type":"Polygon","coordinates":[[[86.42271423339855,27.149791717529354],[86.43998718261736,27.147058486938477],[86.42892456054705,27.13276672363287],[86.4475708007812,27.13264274597168],[86.46769714355474,27.102071762085075],[86.48621368408209,27.109279632568303],[86.49528503417986,27.104681015014705],[86.52076721191435,27.11598968505865],[86.53604888916044,27.1350040435791],[86.58364868164068,27.15215301513672],[86.67125701904325,27.1197185516358],[86.70170593261724,27.09275054931652],[86.72917175292974,27.039188385009822],[86.74942779541021,27.02452468872076],[86.76682281494169,26.957416534423942],[86.76334381103521,26.923862457275504],[86.7740325927735,26.884965896606445],[86.78223419189459,26.887451171875057],[86.80932617187506,26.872289657592773],[86.83704376220697,26.874898910522575],[86.83965301513678,26.88310050964367],[86.8647537231447,26.894783020019645],[86.91632843017584,26.895404815673885],[86.93385314941412,26.90733337402355],[86.97138214111345,26.900499343872127],[86.97995758056658,26.90621566772461],[86.98244476318376,26.89590072631836],[87.00580596923857,26.88633155822754],[87.04408264160162,26.906961441040096],[87.05303192138678,26.902114868164062],[87.06371307373053,26.91056632995617],[87.09590148925798,26.909694671630916],[87.09552764892595,26.916032791137695],[87.1190185546875,26.92286872863781],[87.15219879150408,26.9248561859132],[87.16972351074236,26.90273666381836],[87.17108917236328,26.88869285583496],[87.1550598144533,26.868934631347713],[87.14437103271501,26.814998626708984],[87.10721588134771,26.754104614257812],[87.06657409667974,26.744039535522575],[87.04209136962885,26.75460243225109],[87.01239013671892,26.710485458374137],[86.9930038452149,26.697809219360465],[86.96939086914091,26.73546409606945],[86.95124816894543,26.731859207153377],[86.93496704101568,26.740310668945256],[86.92316436767584,26.766035079956055],[86.91123199462919,26.758951187133846],[86.9135971069336,26.739564895629996],[86.88749694824224,26.711851119995117],[86.87307739257841,26.711977005004883],[86.86811065673857,26.700294494628906],[86.85058593749994,26.69097328186035],[86.8428802490235,26.691471099853572],[86.84014892578142,26.70911788940424],[86.82572937011724,26.713964462280273],[86.77825927734403,26.702281951904297],[86.75527191162126,26.68587875366211],[86.75551605224615,26.694826126098633],[86.73612976074247,26.71172714233404],[86.70866394042997,26.706756591796875],[86.68692016601591,26.687742233276424],[86.66728210449247,26.704147338867244],[86.65895843505876,26.69109725952154],[86.63658905029291,26.69818115234375],[86.62975311279314,26.68973159790039],[86.61869049072283,26.694702148437614],[86.6127243041995,26.688861846923942],[86.60427856445318,26.699548721313477],[86.58898925781256,26.695943832397518],[86.57444763183611,26.722042083740348],[86.57631683349604,26.73919296264654],[86.55556488037126,26.746274948120174],[86.58029174804716,26.78392982482916],[86.56935882568365,26.78057479858404],[86.56661987304705,26.790641784668082],[86.54027557373047,26.782936096191463],[86.53256988525396,26.791137695312557],[86.55580902099615,26.81450271606451],[86.55419158935541,26.835130691528434],[86.52201080322283,26.831153869628906],[86.52014160156256,26.84296035766613],[86.5149230957033,26.840103149414062],[86.50709533691406,26.85576057434082],[86.4823608398438,26.870674133300838],[86.4819946289063,26.888196945190487],[86.45427703857439,26.888444900512752],[86.42084503173857,26.9059677124024],[86.38729858398432,26.909074783325252],[86.36766052246094,26.872039794921932],[86.2908554077149,26.88633155822754],[86.24935150146513,26.86359024047863],[86.15925598144537,26.917028427124137],[86.1598739624024,26.929702758789006],[86.22338104248053,26.888196945190487],[86.22660827636724,26.90348243713379],[86.24413299560553,26.90522193908697],[86.24860382080107,26.914791107177734],[86.2587966918947,26.911436080932674],[86.285888671875,26.948841094970817],[86.31869506835938,26.963256835937614],[86.35535430908209,26.964252471923885],[86.38468170166033,27.031980514526424],[86.36914825439482,27.037448883056697],[86.36566925048834,27.05372810363764],[86.3490219116211,27.06441688537592],[86.36479949951172,27.099586486816463],[86.34355163574224,27.10617256164562],[86.3265228271485,27.09871482849121],[86.30875396728533,27.108533859253043],[86.32863616943365,27.110645294189453],[86.3457870483399,27.147058486938477],[86.37052154541016,27.140596389770565],[86.39226531982422,27.179616928100643],[86.41923522949224,27.165699005127067],[86.42271423339855,27.149791717529354]]]}}]}